列車番号,,1001,101,1003,1005,103,1007,105,1009,107,1011,109,2001,7001,1013,3001,111,2003,7003,1015,3003,113,2005,7005,1017,3005,115,2007,7007,1019,3007,117
運用番号,,C18,E06,C16,C13,E03,12/C51,E01,C01,E02,C14,E04,C02,C15,C03,C04,E05,C05,C17,C06,C07,E07,C8,C19,C09,C10,E06,51/C12,C20,C21,C11,E03
列車種別,,普通,快速,普通,普通,快速,普通,快速,普通,快速,普通,快速,普通,通勤,普通,普通,快速,普通,通勤,普通,普通,快速,普通,通勤,普通,普通,快速,普通,通勤,普通,普通,快速
列車名,,,,,,,,,,,,,,,,,,,,,,,,,,,,,,,,
飛灣工業區     発,,・・,・・,・・,・・,・・,・・,5:59,6:07,6:14,6:22,6:29,6:32,6:34,6:37,6:41,6:44,6:47,6:49,6:52,6:56,6:59,7:02,7:04,7:07,7:12,7:14,7:17,7:19,7:22,7:27,7:29
飛灣車輛基地 発,,・・,・・,・・,・・,・・,・・,ﾚ,ﾚ,ﾚ,ﾚ,ﾚ,ﾚ,ﾚ,ﾚ,ﾚ,ﾚ,ﾚ,ﾚ,ﾚ,ﾚ,ﾚ,ﾚ,ﾚ,ﾚ,ﾚ,ﾚ,ﾚ,ﾚ,ﾚ,ﾚ,ﾚ
飛灣港             発,,・・,・・,・・,・・,・・,・・,ﾚ,6:12,ﾚ,6:27,ﾚ,6:38,6:40,6:42,6:47,ﾚ,6:53,6:55,6:57,7:02,ﾚ,7:08,7:10,7:12,7:17,ﾚ,7:23,7:25,7:27,7:32,ﾚ
物流中心         発,,・・,・・,・・,・・,・・,・・,ﾚ,6:14,ﾚ,6:29,ﾚ,6:39,6:41,6:44,6:49,ﾚ,6:54,6:56,6:59,7:04,ﾚ,7:09,7:11,7:14,7:19,ﾚ,7:24,7:26,7:29,7:34,ﾚ
飛灣郵輪港     着,,・・,・・,・・,・・,・・,・・,6:06,6:16,6:21,6:31,6:36,6:41,6:43,6:46,6:50,6:51,6:56,6:58,7:01,7:05,7:06,7:11,7:13,7:16,7:21,7:21,7:26,7:28,7:31,7:36,7:36
,発,・・,・・,・・,・・,・・,6:02,6:07,6:17,6:22,6:32,6:37,6:42,6:44,6:47,6:53,6:52,6:57,6:59,7:02,7:08,7:07,7:12,7:14,7:17,7:23,7:22,7:27,7:29,7:32,7:38,7:37
濱江商務區,発,・・,・・,・・,・・,・・,6:07,ﾚ,6:22,ﾚ,6:37,ﾚ,6:47,6:49,6:52,6:58,ﾚ,7:02,7:04,7:07,7:13,ﾚ,7:17,7:19,7:22,7:28,ﾚ,7:32,7:34,7:37,7:43,ﾚ
市民廣場,発,・・,・・,・・,・・,・・,6:09,ﾚ,6:24,ﾚ,6:39,ﾚ,6:49,6:51,6:54,7:00,ﾚ,7:04,7:06,7:09,7:15,ﾚ,7:19,7:21,7:24,7:30,ﾚ,7:34,7:36,7:39,7:45,ﾚ
文化中心,発,・・,・・,・・,・・,・・,6:11,ﾚ,6:26,ﾚ,6:41,ﾚ,6:51,6:53,6:56,7:02,ﾚ,7:06,7:08,7:11,7:17,ﾚ,7:21,7:23,7:26,7:32,ﾚ,7:36,7:38,7:41,7:47,ﾚ
飛灣新站,着,・・,・・,・・,・・,・・,6:12,6:13,6:27,6:28,6:42,6:43,6:53,6:55,6:57,7:04,6:58,7:08,7:10,7:12,7:19,7:13,7:23,7:25,7:27,7:34,7:28,7:38,7:40,7:42,7:49,7:43
,発,・・,・・,・・,5:51,5:59,6:15,6:14,6:30,6:29,6:45,6:44,6:54,6:56,7:00,7:05,6:59,7:09,7:11,7:15,7:20,7:14,7:24,7:26,7:30,7:35,7:29,7:39,7:41,7:45,7:50,7:44
科創園,発,・・,・・,・・,5:54,ﾚ,6:18,ﾚ,6:33,ﾚ,6:48,ﾚ,6:56,7:02,7:03,7:07,ﾚ,7:11,7:17,7:18,7:22,ﾚ,7:26,7:32,7:33,7:38,ﾚ,7:41,7:47,7:48,7:53,ﾚ
飛灣學區,発,・・,・・,・・,5:56,ﾚ,6:20,ﾚ,6:35,ﾚ,6:50,ﾚ,6:58,7:03,7:05,7:09,ﾚ,7:13,7:18,7:20,7:24,ﾚ,7:28,7:33,7:35,7:39,ﾚ,7:43,7:48,7:50,7:54,ﾚ
飛灣大道,発,・・,・・,・・,5:58,ﾚ,6:22,ﾚ,6:37,ﾚ,6:52,ﾚ,7:00,7:05,7:07,7:11,ﾚ,7:15,7:20,7:22,7:26,ﾚ,7:30,7:35,7:37,7:41,ﾚ,7:45,7:50,7:52,7:56,ﾚ
飛灣公園,着,・・,・・,・・,6:01,6:05,6:25,6:20,6:40,6:35,6:55,6:50,7:04,7:09,7:11,7:15,7:05,7:19,7:24,7:26,7:30,7:20,7:34,7:39,7:41,7:45,7:35,7:49,7:54,7:56,8:00,7:50
,発,・・,・・,・・,6:02,6:06,6:26,6:21,6:41,6:36,6:56,6:51,・・,7:10,7:11,・・,7:06,・・,7:25,7:26,・・,7:21,・・,7:40,7:41,・・,7:36,・・,7:55,7:56,・・,7:51
錦湖,発,・・,・・,・・,6:05,ﾚ,6:28,ﾚ,6:43,ﾚ,6:58,ﾚ,・・,ﾚ,7:13,・・,ﾚ,・・,ﾚ,7:28,・・,ﾚ,・・,ﾚ,7:43,・・,ﾚ,・・,ﾚ,7:58,・・,ﾚ
鷺島,発,・・,・・,・・,6:06,ﾚ,6:30,ﾚ,6:45,ﾚ,7:00,ﾚ,・・,ﾚ,7:15,・・,ﾚ,・・,ﾚ,7:30,・・,ﾚ,・・,ﾚ,7:45,・・,ﾚ,・・,ﾚ,8:00,・・,ﾚ
空港新城,発,・・,・・,・・,6:09,ﾚ,6:32,ﾚ,6:47,ﾚ,7:02,ﾚ,・・,ﾚ,7:17,・・,ﾚ,・・,ﾚ,7:32,・・,ﾚ,・・,ﾚ,7:47,・・,ﾚ,・・,ﾚ,8:02,・・,ﾚ
飛灣機場,着,・・,・・,・・,6:12,6:13,6:35,6:28,6:50,6:43,7:05,6:58,・・,7:17,7:21,・・,7:13,・・,7:32,7:36,・・,7:28,・・,7:47,7:51,・・,7:43,・・,8:02,8:06,・・,7:58
発,,・・,6:00,6:00,6:15,6:15,6:36,6:30,6:51,6:45,7:06,7:00,・・,7:18,7:22,・・,7:15,・・,7:33,7:37,・・,7:30,・・,7:48,7:52,・・,7:45,・・,8:03,8:07,・・,8:00
翡翠花園         発,,・・,ﾚ,6:06,6:21,ﾚ,6:43,ﾚ,6:58,ﾚ,7:13,ﾚ,・・,ﾚ,7:28,・・,ﾚ,・・,ﾚ,7:43,・・,ﾚ,・・,ﾚ,7:58,・・,ﾚ,・・,ﾚ,8:13,・・,ﾚ
紫荊苑             発,,5:54,ﾚ,6:09,6:24,ﾚ,6:46,ﾚ,7:01,ﾚ,7:16,ﾚ,・・,ﾚ,7:31,・・,ﾚ,・・,ﾚ,7:46,・・,ﾚ,・・,ﾚ,8:01,・・,ﾚ,・・,ﾚ,8:16,・・,ﾚ
御景新村         発,,6:00,ﾚ,6:15,6:30,ﾚ,6:51,ﾚ,7:06,ﾚ,7:21,ﾚ,・・,ﾚ,7:37,・・,ﾚ,・・,ﾚ,7:52,・・,ﾚ,・・,ﾚ,8:07,・・,ﾚ,・・,ﾚ,8:22,・・,ﾚ
自然保育中心 発,,6:02,ﾚ,6:17,6:32,ﾚ,6:53,ﾚ,7:08,ﾚ,7:23,ﾚ,・・,ﾚ,7:39,・・,ﾚ,・・,ﾚ,7:54,・・,ﾚ,・・,ﾚ,8:09,・・,ﾚ,・・,ﾚ,8:24,・・,ﾚ
綾路北站         着,,6:04,6:13,6:19,6:34,6:28,6:55,6:43,7:10,6:58,7:25,7:13,・・,7:31,7:40,・・,7:28,・・,7:46,7:55,・・,7:43,・・,8:01,8:10,・・,7:58,・・,8:16,8:25,・・,8:13
,発着,6:05,・・,6:20,6:35,・・,6:56,・・,7:11,・・,7:26,・・,・・,7:32,7:41,・・,・・,・・,7:47,7:56,・・,・・,・・,8:02,8:11,・・,・・,・・,8:17,8:26,・・,・・
全京大道,,6:06,・・,6:21,6:36,・・,6:58,・・,7:13,・・,7:28,・・,・・,7:33,7:43,・・,・・,・・,7:48,7:58,・・,・・,・・,8:03,8:13,・・,・・,・・,8:18,8:28,・・,・・
発全京車輛基地 着,,"・・
・・","・・
・・","・・
・・","・・
・・","・・
・・","・・
・・","・・
・・","・・
・・","・・
・・","・・
・・","・・
・・","・・
・・","・・
・・","・・
・・","・・
・・","・・
・・","・・
・・","・・
・・","・・
・・","・・
・・","・・
・・","・・
・・","・・
・・","・・
・・","・・
・・","・・
・・","・・
・・","・・
・・","・・
・・","・・
・・","・・
・・"
備考,,,,,,,,,,,,,,,,,,,,,,,,,,,,,,,,
列車番号,,2009,7009,1021,3009,119,2011,7011,1023,3011,121,2013,7013,1025,3013,123,2015,7015,1027,3015,125,2017,1029,3017,127,2019,1031,3019,129,2021,1033,3021
運用番号,,C18,C56,C22,C55,E01,C16,C23,C02,C52,E02,C13,C04,C05,C53,E04,12/C51,C07,C8,C54,E05,C10,C01,C15,E07,C14,C18,C17,E06,C55,C16,C19
列車種別,,普通,通勤,普通,普通,快速,普通,通勤,普通,普通,快速,普通,通勤,普通,普通,快速,普通,通勤,普通,普通,快速,普通,普通,普通,快速,普通,普通,普通,快速,普通,普通,普通
列車名,,,,,,,,,,,,,,,,,,,,,,,,,,,,,,,,
飛灣工業區     発,,7:32,7:34,7:37,7:42,7:44,7:47,7:49,7:52,7:57,7:59,8:02,8:04,8:07,8:12,8:14,8:17,8:19,8:22,8:27,8:29,8:32,8:37,8:42,8:44,8:47,8:52,8:57,8:59,9:02,9:07,9:12
飛灣車輛基地 発,,ﾚ,ﾚ,ﾚ,ﾚ,ﾚ,ﾚ,ﾚ,ﾚ,ﾚ,ﾚ,ﾚ,ﾚ,ﾚ,ﾚ,ﾚ,ﾚ,ﾚ,ﾚ,ﾚ,ﾚ,ﾚ,ﾚ,ﾚ,ﾚ,ﾚ,ﾚ,ﾚ,ﾚ,ﾚ,ﾚ,ﾚ
飛灣港             発,,7:38,7:40,7:42,7:47,ﾚ,7:53,7:55,7:57,8:02,ﾚ,8:08,8:10,8:12,8:17,ﾚ,8:23,8:25,8:27,8:32,ﾚ,8:38,8:42,8:47,ﾚ,8:53,8:57,9:02,ﾚ,9:08,9:12,9:17
物流中心         発,,7:39,7:41,7:44,7:49,ﾚ,7:54,7:56,7:59,8:04,ﾚ,8:09,8:11,8:14,8:19,ﾚ,8:24,8:26,8:29,8:34,ﾚ,8:39,8:44,8:49,ﾚ,8:54,8:59,9:04,ﾚ,9:09,9:14,9:19
飛灣郵輪港     着,,7:41,7:43,7:46,7:51,7:51,7:56,7:58,8:01,8:06,8:06,8:11,8:13,8:16,8:21,8:21,8:26,8:28,8:31,8:36,8:36,8:41,8:46,8:51,8:51,8:56,9:01,9:06,9:06,9:11,9:16,9:21
,発,7:42,7:44,7:47,7:53,7:52,7:57,7:59,8:02,8:08,8:07,8:12,8:14,8:17,8:23,8:22,8:27,8:29,8:32,8:38,8:37,8:42,8:47,8:53,8:52,8:57,9:02,9:08,9:07,9:12,9:17,9:23
濱江商務區,発,7:47,7:49,7:52,7:58,ﾚ,8:02,8:04,8:07,8:13,ﾚ,8:17,8:19,8:22,8:28,ﾚ,8:32,8:34,8:37,8:43,ﾚ,8:47,8:52,8:58,ﾚ,9:02,9:07,9:13,ﾚ,9:17,9:22,9:28
市民廣場,発,7:49,7:51,7:54,8:00,ﾚ,8:04,8:06,8:09,8:15,ﾚ,8:19,8:21,8:24,8:30,ﾚ,8:34,8:36,8:39,8:45,ﾚ,8:49,8:54,9:00,ﾚ,9:04,9:09,9:15,ﾚ,9:19,9:24,9:30
文化中心,発,7:51,7:53,7:56,8:02,ﾚ,8:06,8:08,8:11,8:17,ﾚ,8:21,8:23,8:26,8:32,ﾚ,8:36,8:38,8:41,8:47,ﾚ,8:51,8:56,9:02,ﾚ,9:06,9:11,9:17,ﾚ,9:21,9:26,9:32
飛灣新站,着,7:53,7:55,7:57,8:04,7:58,8:08,8:10,8:12,8:19,8:13,8:23,8:25,8:27,8:34,8:28,8:38,8:40,8:42,8:49,8:43,8:53,8:57,9:04,8:58,9:08,9:12,9:19,9:13,9:23,9:27,9:34
,発,7:54,7:56,8:00,8:05,7:59,8:09,8:11,8:15,8:20,8:14,8:24,8:26,8:30,8:35,8:29,8:39,8:41,8:45,8:50,8:44,8:54,9:00,9:05,8:59,9:09,9:15,9:20,9:14,9:24,9:30,9:35
科創園,発,7:56,8:02,8:03,8:08,ﾚ,8:11,8:17,8:18,8:23,ﾚ,8:26,8:32,8:33,8:38,ﾚ,8:41,8:47,8:48,8:53,ﾚ,8:56,9:03,9:08,ﾚ,9:11,9:18,9:23,ﾚ,9:26,9:33,9:38
飛灣學區,発,7:58,8:03,8:05,8:09,ﾚ,8:13,8:18,8:20,8:24,ﾚ,8:28,8:33,8:35,8:39,ﾚ,8:43,8:48,8:50,8:54,ﾚ,8:58,9:05,9:09,ﾚ,9:13,9:20,9:24,ﾚ,9:28,9:35,9:39
飛灣大道,発,8:00,8:05,8:07,8:11,ﾚ,8:15,8:20,8:22,8:26,ﾚ,8:30,8:35,8:37,8:41,ﾚ,8:45,8:50,8:52,8:56,ﾚ,9:00,9:07,9:11,ﾚ,9:15,9:22,9:26,ﾚ,9:30,9:37,9:41
飛灣公園,着,8:04,8:09,8:11,8:15,8:05,8:19,8:24,8:26,8:30,8:20,8:34,8:39,8:41,8:45,8:35,8:49,8:54,8:56,9:00,8:50,9:04,9:10,9:15,9:05,9:19,9:25,9:30,9:20,9:34,9:40,9:45
,発,・・,8:10,8:11,・・,8:06,・・,8:25,8:26,・・,8:21,・・,8:40,8:41,・・,8:36,・・,8:55,8:56,・・,8:51,・・,9:11,・・,9:06,・・,9:26,・・,9:21,・・,9:41,・・
錦湖,発,・・,ﾚ,8:13,・・,ﾚ,・・,ﾚ,8:28,・・,ﾚ,・・,ﾚ,8:43,・・,ﾚ,・・,ﾚ,8:58,・・,ﾚ,・・,9:13,・・,ﾚ,・・,9:28,・・,ﾚ,・・,9:43,・・
鷺島,発,・・,ﾚ,8:15,・・,ﾚ,・・,ﾚ,8:30,・・,ﾚ,・・,ﾚ,8:45,・・,ﾚ,・・,ﾚ,9:00,・・,ﾚ,・・,9:15,・・,ﾚ,・・,9:30,・・,ﾚ,・・,9:45,・・
空港新城,発,・・,ﾚ,8:17,・・,ﾚ,・・,ﾚ,8:32,・・,ﾚ,・・,ﾚ,8:47,・・,ﾚ,・・,ﾚ,9:02,・・,ﾚ,・・,9:17,・・,ﾚ,・・,9:32,・・,ﾚ,・・,9:47,・・
飛灣機場,着,・・,8:17,8:21,・・,8:13,・・,8:32,8:36,・・,8:28,・・,8:47,8:51,・・,8:43,・・,9:02,9:06,・・,8:58,・・,9:20,・・,9:13,・・,9:35,・・,9:28,・・,9:50,・・
発,,・・,8:18,8:22,・・,8:15,・・,8:33,8:37,・・,8:30,・・,8:48,8:52,・・,8:45,・・,9:03,9:07,・・,9:00,・・,9:21,・・,9:15,・・,9:36,・・,9:30,・・,9:51,・・
翡翠花園         発,,・・,ﾚ,8:28,・・,ﾚ,・・,ﾚ,8:43,・・,ﾚ,・・,ﾚ,8:58,・・,ﾚ,・・,ﾚ,9:13,・・,ﾚ,・・,9:28,・・,ﾚ,・・,9:43,・・,ﾚ,・・,9:58,・・
紫荊苑             発,,・・,ﾚ,8:31,・・,ﾚ,・・,ﾚ,8:46,・・,ﾚ,・・,ﾚ,9:01,・・,ﾚ,・・,ﾚ,9:16,・・,ﾚ,・・,9:31,・・,ﾚ,・・,9:46,・・,ﾚ,・・,10:01,・・
御景新村         発,,・・,ﾚ,8:37,・・,ﾚ,・・,ﾚ,8:52,・・,ﾚ,・・,ﾚ,9:07,・・,ﾚ,・・,ﾚ,9:22,・・,ﾚ,・・,9:36,・・,ﾚ,・・,9:51,・・,ﾚ,・・,10:06,・・
自然保育中心 発,,・・,ﾚ,8:39,・・,ﾚ,・・,ﾚ,8:54,・・,ﾚ,・・,ﾚ,9:09,・・,ﾚ,・・,ﾚ,9:24,・・,ﾚ,・・,9:38,・・,ﾚ,・・,9:53,・・,ﾚ,・・,10:08,・・
綾路北站         着,,・・,8:31,8:40,・・,8:28,・・,8:46,8:55,・・,8:43,・・,9:01,9:10,・・,8:58,・・,9:16,9:25,・・,9:13,・・,9:40,・・,9:28,・・,9:55,・・,9:43,・・,10:10,・・
,発着,・・,8:32,8:41,・・,・・,・・,8:47,8:56,・・,・・,・・,9:02,9:11,・・,・・,・・,9:17,9:26,・・,・・,・・,9:41,・・,・・,・・,9:56,・・,・・,・・,10:11,・・
全京大道,,・・,8:33,8:43,・・,・・,・・,8:48,8:58,・・,・・,・・,9:03,9:13,・・,・・,・・,9:18,9:28,・・,・・,・・,9:43,・・,・・,・・,9:58,・・,・・,・・,10:13,・・
発全京車輛基地 着,,"・・
・・","・・
・・","・・
・・","・・
・・","・・
・・","・・
・・","・・
・・","・・
・・","・・
・・","・・
・・","・・
・・","・・
・・","・・
・・","・・
・・","・・
・・","・・
・・","・・
・・","・・
・・","・・
・・","・・
・・","・・
・・","・・
・・","・・
・・","・・
・・","・・
・・","・・
・・","・・
・・","・・
・・","・・
・・","・・
・・","・・
・・"
備考,,,,,,,,,,,,,,,,,,,,,,,,,,,,,,,,
列車番号,,131,2023,1035,3023,133,2025,1037,3025,135,2027,1039,3027,137,2029,1041,3029,139,2031,1043,3031,141,2033,1045,3033,143,2035,1047,3035,145,2037,1049
運用番号,,E03,C52,C13,C20,E01,C53,C09,12/C51,E02,C54,C21,C10,E04,C15,C22,C14,E05,C17,C02,C55,E07,C19,C05,C52,E06,C20,C07,C53,E03,12/C51,C8
列車種別,,快速,普通,普通,普通,快速,普通,普通,普通,快速,普通,普通,普通,快速,普通,普通,普通,快速,普通,普通,普通,快速,普通,普通,普通,快速,普通,普通,普通,快速,普通,普通
列車名,,,,,,,,,,,,,,,,,,,,,,,,,,,,,,,,
飛灣工業區     発,,9:14,9:17,9:22,9:27,9:29,9:32,9:37,9:42,9:44,9:47,9:52,9:57,9:59,10:02,10:07,10:12,10:14,10:17,10:22,10:27,10:29,10:32,10:37,10:42,10:44,10:47,10:52,10:57,10:59,11:02,11:07
飛灣車輛基地 発,,ﾚ,ﾚ,ﾚ,ﾚ,ﾚ,ﾚ,ﾚ,ﾚ,ﾚ,ﾚ,ﾚ,ﾚ,ﾚ,ﾚ,ﾚ,ﾚ,ﾚ,ﾚ,ﾚ,ﾚ,ﾚ,ﾚ,ﾚ,ﾚ,ﾚ,ﾚ,ﾚ,ﾚ,ﾚ,ﾚ,ﾚ
飛灣港             発,,ﾚ,9:23,9:27,9:32,ﾚ,9:38,9:42,9:47,ﾚ,9:53,9:57,10:02,ﾚ,10:08,10:12,10:17,ﾚ,10:23,10:27,10:32,ﾚ,10:38,10:42,10:47,ﾚ,10:53,10:57,11:02,ﾚ,11:08,11:12
物流中心         発,,ﾚ,9:24,9:29,9:34,ﾚ,9:39,9:44,9:49,ﾚ,9:54,9:59,10:04,ﾚ,10:09,10:14,10:19,ﾚ,10:24,10:29,10:34,ﾚ,10:39,10:44,10:49,ﾚ,10:54,10:59,11:04,ﾚ,11:09,11:14
飛灣郵輪港     着,,9:21,9:26,9:31,9:36,9:36,9:41,9:46,9:51,9:51,9:56,10:01,10:06,10:06,10:11,10:16,10:21,10:21,10:26,10:31,10:36,10:36,10:41,10:46,10:51,10:51,10:56,11:01,11:06,11:06,11:11,11:16
,発,9:22,9:27,9:32,9:38,9:37,9:42,9:47,9:53,9:52,9:57,10:02,10:08,10:07,10:12,10:17,10:23,10:22,10:27,10:32,10:38,10:37,10:42,10:47,10:53,10:52,10:57,11:02,11:08,11:07,11:12,11:17
濱江商務區,発,ﾚ,9:32,9:37,9:43,ﾚ,9:47,9:52,9:58,ﾚ,10:02,10:07,10:13,ﾚ,10:17,10:22,10:28,ﾚ,10:32,10:37,10:43,ﾚ,10:47,10:52,10:58,ﾚ,11:02,11:07,11:13,ﾚ,11:17,11:22
市民廣場,発,ﾚ,9:34,9:39,9:45,ﾚ,9:49,9:54,10:00,ﾚ,10:04,10:09,10:15,ﾚ,10:19,10:24,10:30,ﾚ,10:34,10:39,10:45,ﾚ,10:49,10:54,11:00,ﾚ,11:04,11:09,11:15,ﾚ,11:19,11:24
文化中心,発,ﾚ,9:36,9:41,9:47,ﾚ,9:51,9:56,10:02,ﾚ,10:06,10:11,10:17,ﾚ,10:21,10:26,10:32,ﾚ,10:36,10:41,10:47,ﾚ,10:51,10:56,11:02,ﾚ,11:06,11:11,11:17,ﾚ,11:21,11:26
飛灣新站,着,9:28,9:38,9:42,9:49,9:43,9:53,9:57,10:04,9:58,10:08,10:12,10:19,10:13,10:23,10:27,10:34,10:28,10:38,10:42,10:49,10:43,10:53,10:57,11:04,10:58,11:08,11:12,11:19,11:13,11:23,11:27
,発,9:29,9:39,9:45,9:50,9:44,9:54,10:00,10:05,9:59,10:09,10:15,10:20,10:14,10:24,10:30,10:35,10:29,10:39,10:45,10:50,10:44,10:54,11:00,11:05,10:59,11:09,11:15,11:20,11:14,11:24,11:30
科創園,発,ﾚ,9:41,9:48,9:53,ﾚ,9:56,10:03,10:08,ﾚ,10:11,10:18,10:23,ﾚ,10:26,10:33,10:38,ﾚ,10:41,10:48,10:53,ﾚ,10:56,11:03,11:08,ﾚ,11:11,11:18,11:23,ﾚ,11:26,11:33
飛灣學區,発,ﾚ,9:43,9:50,9:54,ﾚ,9:58,10:05,10:09,ﾚ,10:13,10:20,10:24,ﾚ,10:28,10:35,10:39,ﾚ,10:43,10:50,10:54,ﾚ,10:58,11:05,11:09,ﾚ,11:13,11:20,11:24,ﾚ,11:28,11:35
飛灣大道,発,ﾚ,9:45,9:52,9:56,ﾚ,10:00,10:07,10:11,ﾚ,10:15,10:22,10:26,ﾚ,10:30,10:37,10:41,ﾚ,10:45,10:52,10:56,ﾚ,11:00,11:07,11:11,ﾚ,11:15,11:22,11:26,ﾚ,11:30,11:37
飛灣公園,着,9:35,9:49,9:55,10:00,9:50,10:04,10:10,10:15,10:05,10:19,10:25,10:30,10:20,10:34,10:40,10:45,10:35,10:49,10:55,11:00,10:50,11:04,11:10,11:15,11:05,11:19,11:25,11:30,11:20,11:34,11:40
,発,9:36,・・,9:56,・・,9:51,・・,10:11,・・,10:06,・・,10:26,・・,10:21,・・,10:41,・・,10:36,・・,10:56,・・,10:51,・・,11:11,・・,11:06,・・,11:26,・・,11:21,・・,11:41
錦湖,発,ﾚ,・・,9:58,・・,ﾚ,・・,10:13,・・,ﾚ,・・,10:28,・・,ﾚ,・・,10:43,・・,ﾚ,・・,10:58,・・,ﾚ,・・,11:13,・・,ﾚ,・・,11:28,・・,ﾚ,・・,11:43
鷺島,発,ﾚ,・・,10:00,・・,ﾚ,・・,10:15,・・,ﾚ,・・,10:30,・・,ﾚ,・・,10:45,・・,ﾚ,・・,11:00,・・,ﾚ,・・,11:15,・・,ﾚ,・・,11:30,・・,ﾚ,・・,11:45
空港新城,発,ﾚ,・・,10:02,・・,ﾚ,・・,10:17,・・,ﾚ,・・,10:32,・・,ﾚ,・・,10:47,・・,ﾚ,・・,11:02,・・,ﾚ,・・,11:17,・・,ﾚ,・・,11:32,・・,ﾚ,・・,11:47
飛灣機場,着,9:43,・・,10:05,・・,9:58,・・,10:20,・・,10:13,・・,10:35,・・,10:28,・・,10:50,・・,10:43,・・,11:05,・・,10:58,・・,11:20,・・,11:13,・・,11:35,・・,11:28,・・,11:50
発,,9:45,・・,10:06,・・,10:00,・・,10:21,・・,10:15,・・,10:36,・・,10:30,・・,10:51,・・,10:45,・・,11:06,・・,11:00,・・,11:21,・・,11:15,・・,11:36,・・,11:30,・・,11:51
翡翠花園         発,,ﾚ,・・,10:13,・・,ﾚ,・・,10:28,・・,ﾚ,・・,10:43,・・,ﾚ,・・,10:58,・・,ﾚ,・・,11:13,・・,ﾚ,・・,11:28,・・,ﾚ,・・,11:43,・・,ﾚ,・・,11:58
紫荊苑             発,,ﾚ,・・,10:16,・・,ﾚ,・・,10:31,・・,ﾚ,・・,10:46,・・,ﾚ,・・,11:01,・・,ﾚ,・・,11:16,・・,ﾚ,・・,11:31,・・,ﾚ,・・,11:46,・・,ﾚ,・・,12:01
御景新村         発,,ﾚ,・・,10:21,・・,ﾚ,・・,10:36,・・,ﾚ,・・,10:51,・・,ﾚ,・・,11:06,・・,ﾚ,・・,11:21,・・,ﾚ,・・,11:36,・・,ﾚ,・・,11:51,・・,ﾚ,・・,12:06
自然保育中心 発,,ﾚ,・・,10:23,・・,ﾚ,・・,10:38,・・,ﾚ,・・,10:53,・・,ﾚ,・・,11:08,・・,ﾚ,・・,11:23,・・,ﾚ,・・,11:38,・・,ﾚ,・・,11:53,・・,ﾚ,・・,12:08
綾路北站         着,,9:58,・・,10:25,・・,10:13,・・,10:40,・・,10:28,・・,10:55,・・,10:43,・・,11:10,・・,10:58,・・,11:25,・・,11:13,・・,11:40,・・,11:28,・・,11:55,・・,11:43,・・,12:10
,発着,・・,・・,10:26,・・,・・,・・,10:41,・・,・・,・・,10:56,・・,・・,・・,11:11,・・,・・,・・,11:26,・・,・・,・・,11:41,・・,・・,・・,11:56,・・,・・,・・,12:11
全京大道,,・・,・・,10:28,・・,・・,・・,10:43,・・,・・,・・,10:58,・・,・・,・・,11:13,・・,・・,・・,11:28,・・,・・,・・,11:43,・・,・・,・・,11:58,・・,・・,・・,12:13
発全京車輛基地 着,,"・・
・・","・・
・・","・・
・・","・・
・・","・・
・・","・・
・・","・・
・・","・・
・・","・・
・・","・・
・・","・・
・・","・・
・・","・・
・・","・・
・・","・・
・・","・・
・・","・・
・・","・・
・・","・・
・・","・・
・・","・・
・・","・・
・・","・・
・・","・・
・・","・・
・・","・・
・・","・・
・・","・・
・・","・・
・・","・・
・・","・・
・・"
備考,,,,,,,,,,,,,,,,,,,,,,,,,,,,,,,,
列車番号,,3037,147,2039,1051,3039,149,2041,1053,3041,151,2043,1055,3043,153,2045,1057,3045,155,2047,1059,3047,157,2049,1061,3049,159,2051,1063,3051,161,2053
運用番号,,C54,E01,C10,C01,C15,E02,C14,C18,C17,E04,C55,C16,C19,E05,C52,C13,C20,E07,C53,C09,12/C51,E06,C54,C21,C10,E03,C15,C22,C14,E01,C17
列車種別,,普通,快速,普通,普通,普通,快速,普通,普通,普通,快速,普通,普通,普通,快速,普通,普通,普通,快速,普通,普通,普通,快速,普通,普通,普通,快速,普通,普通,普通,快速,普通
列車名,,,,,,,,,,,,,,,,,,,,,,,,,,,,,,,,
飛灣工業區     発,,11:12,11:14,11:17,11:22,11:27,11:29,11:32,11:37,11:42,11:44,11:47,11:52,11:57,11:59,12:02,12:07,12:12,12:14,12:17,12:22,12:27,12:29,12:32,12:37,12:42,12:44,12:47,12:52,12:57,12:59,13:02
飛灣車輛基地 発,,ﾚ,ﾚ,ﾚ,ﾚ,ﾚ,ﾚ,ﾚ,ﾚ,ﾚ,ﾚ,ﾚ,ﾚ,ﾚ,ﾚ,ﾚ,ﾚ,ﾚ,ﾚ,ﾚ,ﾚ,ﾚ,ﾚ,ﾚ,ﾚ,ﾚ,ﾚ,ﾚ,ﾚ,ﾚ,ﾚ,ﾚ
飛灣港             発,,11:17,ﾚ,11:23,11:27,11:32,ﾚ,11:38,11:42,11:47,ﾚ,11:53,11:57,12:02,ﾚ,12:08,12:12,12:17,ﾚ,12:23,12:27,12:32,ﾚ,12:38,12:42,12:47,ﾚ,12:53,12:57,13:02,ﾚ,13:08
物流中心         発,,11:19,ﾚ,11:24,11:29,11:34,ﾚ,11:39,11:44,11:49,ﾚ,11:54,11:59,12:04,ﾚ,12:09,12:14,12:19,ﾚ,12:24,12:29,12:34,ﾚ,12:39,12:44,12:49,ﾚ,12:54,12:59,13:04,ﾚ,13:09
飛灣郵輪港     着,,11:21,11:21,11:26,11:31,11:36,11:36,11:41,11:46,11:51,11:51,11:56,12:01,12:06,12:06,12:11,12:16,12:21,12:21,12:26,12:31,12:36,12:36,12:41,12:46,12:51,12:51,12:56,13:01,13:06,13:06,13:11
,発,11:23,11:22,11:27,11:32,11:38,11:37,11:42,11:47,11:53,11:52,11:57,12:02,12:08,12:07,12:12,12:17,12:23,12:22,12:27,12:32,12:38,12:37,12:42,12:47,12:53,12:52,12:57,13:02,13:08,13:07,13:12
濱江商務區,発,11:28,ﾚ,11:32,11:37,11:43,ﾚ,11:47,11:52,11:58,ﾚ,12:02,12:07,12:13,ﾚ,12:17,12:22,12:28,ﾚ,12:32,12:37,12:43,ﾚ,12:47,12:52,12:58,ﾚ,13:02,13:07,13:13,ﾚ,13:17
市民廣場,発,11:30,ﾚ,11:34,11:39,11:45,ﾚ,11:49,11:54,12:00,ﾚ,12:04,12:09,12:15,ﾚ,12:19,12:24,12:30,ﾚ,12:34,12:39,12:45,ﾚ,12:49,12:54,13:00,ﾚ,13:04,13:09,13:15,ﾚ,13:19
文化中心,発,11:32,ﾚ,11:36,11:41,11:47,ﾚ,11:51,11:56,12:02,ﾚ,12:06,12:11,12:17,ﾚ,12:21,12:26,12:32,ﾚ,12:36,12:41,12:47,ﾚ,12:51,12:56,13:02,ﾚ,13:06,13:11,13:17,ﾚ,13:21
飛灣新站,着,11:34,11:28,11:38,11:42,11:49,11:43,11:53,11:57,12:04,11:58,12:08,12:12,12:19,12:13,12:23,12:27,12:34,12:28,12:38,12:42,12:49,12:43,12:53,12:57,13:04,12:58,13:08,13:12,13:19,13:13,13:23
,発,11:35,11:29,11:39,11:45,11:50,11:44,11:54,12:00,12:05,11:59,12:09,12:15,12:20,12:14,12:24,12:30,12:35,12:29,12:39,12:45,12:50,12:44,12:54,13:00,13:05,12:59,13:09,13:15,13:20,13:14,13:24
科創園,発,11:38,ﾚ,11:41,11:48,11:53,ﾚ,11:56,12:03,12:08,ﾚ,12:11,12:18,12:23,ﾚ,12:26,12:33,12:38,ﾚ,12:41,12:48,12:53,ﾚ,12:56,13:03,13:08,ﾚ,13:11,13:18,13:23,ﾚ,13:26
飛灣學區,発,11:39,ﾚ,11:43,11:50,11:54,ﾚ,11:58,12:05,12:09,ﾚ,12:13,12:20,12:24,ﾚ,12:28,12:35,12:39,ﾚ,12:43,12:50,12:54,ﾚ,12:58,13:05,13:09,ﾚ,13:13,13:20,13:24,ﾚ,13:28
飛灣大道,発,11:41,ﾚ,11:45,11:52,11:56,ﾚ,12:00,12:07,12:11,ﾚ,12:15,12:22,12:26,ﾚ,12:30,12:37,12:41,ﾚ,12:45,12:52,12:56,ﾚ,13:00,13:07,13:11,ﾚ,13:15,13:22,13:26,ﾚ,13:30
飛灣公園,着,11:45,11:35,11:49,11:55,12:00,11:50,12:04,12:10,12:15,12:05,12:19,12:25,12:30,12:20,12:34,12:40,12:45,12:35,12:49,12:55,13:00,12:50,13:04,13:10,13:15,13:05,13:19,13:25,13:30,13:20,13:34
,発,・・,11:36,・・,11:56,・・,11:51,・・,12:11,・・,12:06,・・,12:26,・・,12:21,・・,12:41,・・,12:36,・・,12:56,・・,12:51,・・,13:11,・・,13:06,・・,13:26,・・,13:21,・・
錦湖,発,・・,ﾚ,・・,11:58,・・,ﾚ,・・,12:13,・・,ﾚ,・・,12:28,・・,ﾚ,・・,12:43,・・,ﾚ,・・,12:58,・・,ﾚ,・・,13:13,・・,ﾚ,・・,13:28,・・,ﾚ,・・
鷺島,発,・・,ﾚ,・・,12:00,・・,ﾚ,・・,12:15,・・,ﾚ,・・,12:30,・・,ﾚ,・・,12:45,・・,ﾚ,・・,13:00,・・,ﾚ,・・,13:15,・・,ﾚ,・・,13:30,・・,ﾚ,・・
空港新城,発,・・,ﾚ,・・,12:02,・・,ﾚ,・・,12:17,・・,ﾚ,・・,12:32,・・,ﾚ,・・,12:47,・・,ﾚ,・・,13:02,・・,ﾚ,・・,13:17,・・,ﾚ,・・,13:32,・・,ﾚ,・・
飛灣機場,着,・・,11:43,・・,12:05,・・,11:58,・・,12:20,・・,12:13,・・,12:35,・・,12:28,・・,12:50,・・,12:43,・・,13:05,・・,12:58,・・,13:20,・・,13:13,・・,13:35,・・,13:28,・・
発,,・・,11:45,・・,12:06,・・,12:00,・・,12:21,・・,12:15,・・,12:36,・・,12:30,・・,12:51,・・,12:45,・・,13:06,・・,13:00,・・,13:21,・・,13:15,・・,13:36,・・,13:30,・・
翡翠花園         発,,・・,ﾚ,・・,12:13,・・,ﾚ,・・,12:28,・・,ﾚ,・・,12:43,・・,ﾚ,・・,12:58,・・,ﾚ,・・,13:13,・・,ﾚ,・・,13:28,・・,ﾚ,・・,13:43,・・,ﾚ,・・
紫荊苑             発,,・・,ﾚ,・・,12:16,・・,ﾚ,・・,12:31,・・,ﾚ,・・,12:46,・・,ﾚ,・・,13:01,・・,ﾚ,・・,13:16,・・,ﾚ,・・,13:31,・・,ﾚ,・・,13:46,・・,ﾚ,・・
御景新村         発,,・・,ﾚ,・・,12:21,・・,ﾚ,・・,12:36,・・,ﾚ,・・,12:51,・・,ﾚ,・・,13:06,・・,ﾚ,・・,13:21,・・,ﾚ,・・,13:36,・・,ﾚ,・・,13:51,・・,ﾚ,・・
自然保育中心 発,,・・,ﾚ,・・,12:23,・・,ﾚ,・・,12:38,・・,ﾚ,・・,12:53,・・,ﾚ,・・,13:08,・・,ﾚ,・・,13:23,・・,ﾚ,・・,13:38,・・,ﾚ,・・,13:53,・・,ﾚ,・・
綾路北站         着,,・・,11:58,・・,12:25,・・,12:13,・・,12:40,・・,12:28,・・,12:55,・・,12:43,・・,13:10,・・,12:58,・・,13:25,・・,13:13,・・,13:40,・・,13:28,・・,13:55,・・,13:43,・・
,発着,・・,・・,・・,12:26,・・,・・,・・,12:41,・・,・・,・・,12:56,・・,・・,・・,13:11,・・,・・,・・,13:26,・・,・・,・・,13:41,・・,・・,・・,13:56,・・,・・,・・
全京大道,,・・,・・,・・,12:28,・・,・・,・・,12:43,・・,・・,・・,12:58,・・,・・,・・,13:13,・・,・・,・・,13:28,・・,・・,・・,13:43,・・,・・,・・,13:58,・・,・・,・・
発全京車輛基地 着,,"・・
・・","・・
・・","・・
・・","・・
・・","・・
・・","・・
・・","・・
・・","・・
・・","・・
・・","・・
・・","・・
・・","・・
・・","・・
・・","・・
・・","・・
・・","・・
・・","・・
・・","・・
・・","・・
・・","・・
・・","・・
・・","・・
・・","・・
・・","・・
・・","・・
・・","・・
・・","・・
・・","・・
・・","・・
・・","・・
・・","・・
・・"
備考,,,,,,,,,,,,,,,,,,,,,,,,,,,,,,,,
列車番号,,1065,3053,163,2055,1067,3055,165,2057,1069,3057,167,2059,1071,3059,169,2061,1073,3061,171,2063,1075,3063,173,2065,1077,3065,175,2067,1079,3067,177
運用番号,,C02,C55,E02,C19,C05,C52,E04,C20,C07,C53,E05,12/C51,C8,C54,E07,C10,C01,C15,E06,C14,C18,C17,E03,C55,C16,C19,E01,C52,C13,C20,E02
列車種別,,普通,普通,快速,普通,普通,普通,快速,普通,普通,普通,快速,普通,普通,普通,快速,普通,普通,普通,快速,普通,普通,普通,快速,普通,普通,普通,快速,普通,普通,普通,快速
列車名,,,,,,,,,,,,,,,,,,,,,,,,,,,,,,,,
飛灣工業區     発,,13:07,13:12,13:14,13:17,13:22,13:27,13:29,13:32,13:37,13:42,13:44,13:47,13:52,13:57,13:59,14:02,14:07,14:12,14:14,14:17,14:22,14:27,14:29,14:32,14:37,14:42,14:44,14:47,14:52,14:57,14:59
飛灣車輛基地 発,,ﾚ,ﾚ,ﾚ,ﾚ,ﾚ,ﾚ,ﾚ,ﾚ,ﾚ,ﾚ,ﾚ,ﾚ,ﾚ,ﾚ,ﾚ,ﾚ,ﾚ,ﾚ,ﾚ,ﾚ,ﾚ,ﾚ,ﾚ,ﾚ,ﾚ,ﾚ,ﾚ,ﾚ,ﾚ,ﾚ,ﾚ
飛灣港             発,,13:12,13:17,ﾚ,13:23,13:27,13:32,ﾚ,13:38,13:42,13:47,ﾚ,13:53,13:57,14:02,ﾚ,14:08,14:12,14:17,ﾚ,14:23,14:27,14:32,ﾚ,14:38,14:42,14:47,ﾚ,14:53,14:57,15:02,ﾚ
物流中心         発,,13:14,13:19,ﾚ,13:24,13:29,13:34,ﾚ,13:39,13:44,13:49,ﾚ,13:54,13:59,14:04,ﾚ,14:09,14:14,14:19,ﾚ,14:24,14:29,14:34,ﾚ,14:39,14:44,14:49,ﾚ,14:54,14:59,15:04,ﾚ
飛灣郵輪港     着,,13:16,13:21,13:21,13:26,13:31,13:36,13:36,13:41,13:46,13:51,13:51,13:56,14:01,14:06,14:06,14:11,14:16,14:21,14:21,14:26,14:31,14:36,14:36,14:41,14:46,14:51,14:51,14:56,15:01,15:06,15:06
,発,13:17,13:23,13:22,13:27,13:32,13:38,13:37,13:42,13:47,13:53,13:52,13:57,14:02,14:08,14:07,14:12,14:17,14:23,14:22,14:27,14:32,14:38,14:37,14:42,14:47,14:53,14:52,14:57,15:02,15:08,15:07
濱江商務區,発,13:22,13:28,ﾚ,13:32,13:37,13:43,ﾚ,13:47,13:52,13:58,ﾚ,14:02,14:07,14:13,ﾚ,14:17,14:22,14:28,ﾚ,14:32,14:37,14:43,ﾚ,14:47,14:52,14:58,ﾚ,15:02,15:07,15:13,ﾚ
市民廣場,発,13:24,13:30,ﾚ,13:34,13:39,13:45,ﾚ,13:49,13:54,14:00,ﾚ,14:04,14:09,14:15,ﾚ,14:19,14:24,14:30,ﾚ,14:34,14:39,14:45,ﾚ,14:49,14:54,15:00,ﾚ,15:04,15:09,15:15,ﾚ
文化中心,発,13:26,13:32,ﾚ,13:36,13:41,13:47,ﾚ,13:51,13:56,14:02,ﾚ,14:06,14:11,14:17,ﾚ,14:21,14:26,14:32,ﾚ,14:36,14:41,14:47,ﾚ,14:51,14:56,15:02,ﾚ,15:06,15:11,15:17,ﾚ
飛灣新站,着,13:27,13:34,13:28,13:38,13:42,13:49,13:43,13:53,13:57,14:04,13:58,14:08,14:12,14:19,14:13,14:23,14:27,14:34,14:28,14:38,14:42,14:49,14:43,14:53,14:57,15:04,14:58,15:08,15:12,15:19,15:13
,発,13:30,13:35,13:29,13:39,13:45,13:50,13:44,13:54,14:00,14:05,13:59,14:09,14:15,14:20,14:14,14:24,14:30,14:35,14:29,14:39,14:45,14:50,14:44,14:54,15:00,15:05,14:59,15:09,15:15,15:20,15:14
科創園,発,13:33,13:38,ﾚ,13:41,13:48,13:53,ﾚ,13:56,14:03,14:08,ﾚ,14:11,14:18,14:23,ﾚ,14:26,14:33,14:38,ﾚ,14:41,14:48,14:53,ﾚ,14:56,15:03,15:08,ﾚ,15:11,15:18,15:23,ﾚ
飛灣學區,発,13:35,13:39,ﾚ,13:43,13:50,13:54,ﾚ,13:58,14:05,14:09,ﾚ,14:13,14:20,14:24,ﾚ,14:28,14:35,14:39,ﾚ,14:43,14:50,14:54,ﾚ,14:58,15:05,15:09,ﾚ,15:13,15:20,15:24,ﾚ
飛灣大道,発,13:37,13:41,ﾚ,13:45,13:52,13:56,ﾚ,14:00,14:07,14:11,ﾚ,14:15,14:22,14:26,ﾚ,14:30,14:37,14:41,ﾚ,14:45,14:52,14:56,ﾚ,15:00,15:07,15:11,ﾚ,15:15,15:22,15:26,ﾚ
飛灣公園,着,13:40,13:45,13:35,13:49,13:55,14:00,13:50,14:04,14:10,14:15,14:05,14:19,14:25,14:30,14:20,14:34,14:40,14:45,14:35,14:49,14:55,15:00,14:50,15:04,15:10,15:15,15:05,15:19,15:25,15:30,15:20
,発,13:41,・・,13:36,・・,13:56,・・,13:51,・・,14:11,・・,14:06,・・,14:26,・・,14:21,・・,14:41,・・,14:36,・・,14:56,・・,14:51,・・,15:11,・・,15:06,・・,15:26,・・,15:21
錦湖,発,13:43,・・,ﾚ,・・,13:58,・・,ﾚ,・・,14:13,・・,ﾚ,・・,14:28,・・,ﾚ,・・,14:43,・・,ﾚ,・・,14:58,・・,ﾚ,・・,15:13,・・,ﾚ,・・,15:28,・・,ﾚ
鷺島,発,13:45,・・,ﾚ,・・,14:00,・・,ﾚ,・・,14:15,・・,ﾚ,・・,14:30,・・,ﾚ,・・,14:45,・・,ﾚ,・・,15:00,・・,ﾚ,・・,15:15,・・,ﾚ,・・,15:30,・・,ﾚ
空港新城,発,13:47,・・,ﾚ,・・,14:02,・・,ﾚ,・・,14:17,・・,ﾚ,・・,14:32,・・,ﾚ,・・,14:47,・・,ﾚ,・・,15:02,・・,ﾚ,・・,15:17,・・,ﾚ,・・,15:32,・・,ﾚ
飛灣機場,着,13:50,・・,13:43,・・,14:05,・・,13:58,・・,14:20,・・,14:13,・・,14:35,・・,14:28,・・,14:50,・・,14:43,・・,15:05,・・,14:58,・・,15:20,・・,15:13,・・,15:35,・・,15:28
発,,13:51,・・,13:45,・・,14:06,・・,14:00,・・,14:21,・・,14:15,・・,14:36,・・,14:30,・・,14:51,・・,14:45,・・,15:06,・・,15:00,・・,15:21,・・,15:15,・・,15:36,・・,15:30
翡翠花園         発,,13:58,・・,ﾚ,・・,14:13,・・,ﾚ,・・,14:28,・・,ﾚ,・・,14:43,・・,ﾚ,・・,14:58,・・,ﾚ,・・,15:13,・・,ﾚ,・・,15:28,・・,ﾚ,・・,15:43,・・,ﾚ
紫荊苑             発,,14:01,・・,ﾚ,・・,14:16,・・,ﾚ,・・,14:31,・・,ﾚ,・・,14:46,・・,ﾚ,・・,15:01,・・,ﾚ,・・,15:16,・・,ﾚ,・・,15:31,・・,ﾚ,・・,15:46,・・,ﾚ
御景新村         発,,14:06,・・,ﾚ,・・,14:21,・・,ﾚ,・・,14:36,・・,ﾚ,・・,14:51,・・,ﾚ,・・,15:06,・・,ﾚ,・・,15:21,・・,ﾚ,・・,15:36,・・,ﾚ,・・,15:51,・・,ﾚ
自然保育中心 発,,14:08,・・,ﾚ,・・,14:23,・・,ﾚ,・・,14:38,・・,ﾚ,・・,14:53,・・,ﾚ,・・,15:08,・・,ﾚ,・・,15:23,・・,ﾚ,・・,15:38,・・,ﾚ,・・,15:53,・・,ﾚ
綾路北站         着,,14:10,・・,13:58,・・,14:25,・・,14:13,・・,14:40,・・,14:28,・・,14:55,・・,14:43,・・,15:10,・・,14:58,・・,15:25,・・,15:13,・・,15:40,・・,15:28,・・,15:55,・・,15:43
,発着,14:11,・・,・・,・・,14:26,・・,・・,・・,14:41,・・,・・,・・,14:56,・・,・・,・・,15:11,・・,・・,・・,15:26,・・,・・,・・,15:41,・・,・・,・・,15:56,・・,・・
全京大道,,14:13,・・,・・,・・,14:28,・・,・・,・・,14:43,・・,・・,・・,14:58,・・,・・,・・,15:13,・・,・・,・・,15:28,・・,・・,・・,15:43,・・,・・,・・,15:58,・・,・・
発全京車輛基地 着,,"・・
・・","・・
・・","・・
・・","・・
・・","・・
・・","・・
・・","・・
・・","・・
・・","・・
・・","・・
・・","・・
・・","・・
・・","・・
・・","・・
・・","・・
・・","・・
・・","・・
・・","・・
・・","・・
・・","・・
・・","・・
・・","・・
・・","・・
・・","・・
・・","・・
・・","・・
・・","・・
・・","・・
・・","・・
・・","・・
・・","・・
・・"
備考,,,,,,,,,,,,,,,,,,,,,,,,,,,,,,,,
列車番号,,2069,1081,3069,179,2071,1083,3071,181,2073,1085,3073,183,2075,1087,3075,185,2077,1089,3077,187,2079,1091,3079,189,2081,1093,3081,191,2083,1095,3083
運用番号,,C53,C09,12/C51,E04,C54,C21,C10,E05,C15,C22,C14,E07,C17,C02,C55,E06,C19,C05,C52,E03,C20,C07,C53,E01,12/C51,C8,C54,E02,C10,C01,C15
列車種別,,普通,普通,普通,快速,普通,普通,普通,快速,普通,普通,普通,快速,普通,普通,普通,快速,普通,普通,普通,快速,普通,普通,普通,快速,普通,普通,普通,快速,普通,普通,普通
列車名,,,,,,,,,,,,,,,,,,,,,,,,,,,,,,,,
飛灣工業區     発,,15:02,15:07,15:12,15:14,15:17,15:22,15:27,15:29,15:32,15:37,15:42,15:44,15:47,15:52,15:57,15:59,16:02,16:07,16:12,16:14,16:17,16:22,16:27,16:29,16:32,16:37,16:42,16:44,16:47,16:52,16:57
飛灣車輛基地 発,,ﾚ,ﾚ,ﾚ,ﾚ,ﾚ,ﾚ,ﾚ,ﾚ,ﾚ,ﾚ,ﾚ,ﾚ,ﾚ,ﾚ,ﾚ,ﾚ,ﾚ,ﾚ,ﾚ,ﾚ,ﾚ,ﾚ,ﾚ,ﾚ,ﾚ,ﾚ,ﾚ,ﾚ,ﾚ,ﾚ,ﾚ
飛灣港             発,,15:08,15:12,15:17,ﾚ,15:23,15:27,15:32,ﾚ,15:38,15:42,15:47,ﾚ,15:53,15:57,16:02,ﾚ,16:08,16:12,16:17,ﾚ,16:23,16:27,16:32,ﾚ,16:38,16:42,16:47,ﾚ,16:53,16:57,17:02
物流中心         発,,15:09,15:14,15:19,ﾚ,15:24,15:29,15:34,ﾚ,15:39,15:44,15:49,ﾚ,15:54,15:59,16:04,ﾚ,16:09,16:14,16:19,ﾚ,16:24,16:29,16:34,ﾚ,16:39,16:44,16:49,ﾚ,16:54,16:59,17:04
飛灣郵輪港     着,,15:11,15:16,15:21,15:21,15:26,15:31,15:36,15:36,15:41,15:46,15:51,15:51,15:56,16:01,16:06,16:06,16:11,16:16,16:21,16:21,16:26,16:31,16:36,16:36,16:41,16:46,16:51,16:51,16:56,17:01,17:06
,発,15:12,15:17,15:23,15:22,15:27,15:32,15:38,15:37,15:42,15:47,15:53,15:52,15:57,16:02,16:08,16:07,16:12,16:17,16:23,16:22,16:27,16:32,16:38,16:37,16:42,16:47,16:53,16:52,16:57,17:02,17:08
濱江商務區,発,15:17,15:22,15:28,ﾚ,15:32,15:37,15:43,ﾚ,15:47,15:52,15:58,ﾚ,16:02,16:07,16:13,ﾚ,16:17,16:22,16:28,ﾚ,16:32,16:37,16:43,ﾚ,16:47,16:52,16:58,ﾚ,17:02,17:07,17:13
市民廣場,発,15:19,15:24,15:30,ﾚ,15:34,15:39,15:45,ﾚ,15:49,15:54,16:00,ﾚ,16:04,16:09,16:15,ﾚ,16:19,16:24,16:30,ﾚ,16:34,16:39,16:45,ﾚ,16:49,16:54,17:00,ﾚ,17:04,17:09,17:15
文化中心,発,15:21,15:26,15:32,ﾚ,15:36,15:41,15:47,ﾚ,15:51,15:56,16:02,ﾚ,16:06,16:11,16:17,ﾚ,16:21,16:26,16:32,ﾚ,16:36,16:41,16:47,ﾚ,16:51,16:56,17:02,ﾚ,17:06,17:11,17:17
飛灣新站,着,15:23,15:27,15:34,15:28,15:38,15:42,15:49,15:43,15:53,15:57,16:04,15:58,16:08,16:12,16:19,16:13,16:23,16:27,16:34,16:28,16:38,16:42,16:49,16:43,16:53,16:57,17:04,16:58,17:08,17:12,17:19
,発,15:24,15:30,15:35,15:29,15:39,15:45,15:50,15:44,15:54,16:00,16:05,15:59,16:09,16:15,16:20,16:14,16:24,16:30,16:35,16:29,16:39,16:45,16:50,16:44,16:54,17:00,17:05,16:59,17:09,17:15,17:20
科創園,発,15:26,15:33,15:38,ﾚ,15:41,15:48,15:53,ﾚ,15:56,16:03,16:08,ﾚ,16:11,16:18,16:23,ﾚ,16:26,16:33,16:38,ﾚ,16:41,16:48,16:53,ﾚ,16:56,17:03,17:08,ﾚ,17:11,17:18,17:23
飛灣學區,発,15:28,15:35,15:39,ﾚ,15:43,15:50,15:54,ﾚ,15:58,16:05,16:09,ﾚ,16:13,16:20,16:24,ﾚ,16:28,16:35,16:39,ﾚ,16:43,16:50,16:54,ﾚ,16:58,17:05,17:09,ﾚ,17:13,17:20,17:24
飛灣大道,発,15:30,15:37,15:41,ﾚ,15:45,15:52,15:56,ﾚ,16:00,16:07,16:11,ﾚ,16:15,16:22,16:26,ﾚ,16:30,16:37,16:41,ﾚ,16:45,16:52,16:56,ﾚ,17:00,17:07,17:11,ﾚ,17:15,17:22,17:26
飛灣公園,着,15:34,15:40,15:45,15:35,15:49,15:55,16:00,15:50,16:04,16:10,16:15,16:05,16:19,16:25,16:30,16:20,16:34,16:40,16:45,16:35,16:49,16:55,17:00,16:50,17:04,17:10,17:15,17:05,17:19,17:25,17:30
,発,・・,15:41,・・,15:36,・・,15:56,・・,15:51,・・,16:11,・・,16:06,・・,16:26,・・,16:21,・・,16:41,・・,16:36,・・,16:56,・・,16:51,・・,17:11,・・,17:06,・・,17:26,・・
錦湖,発,・・,15:43,・・,ﾚ,・・,15:58,・・,ﾚ,・・,16:13,・・,ﾚ,・・,16:28,・・,ﾚ,・・,16:43,・・,ﾚ,・・,16:58,・・,ﾚ,・・,17:13,・・,ﾚ,・・,17:28,・・
鷺島,発,・・,15:45,・・,ﾚ,・・,16:00,・・,ﾚ,・・,16:15,・・,ﾚ,・・,16:30,・・,ﾚ,・・,16:45,・・,ﾚ,・・,17:00,・・,ﾚ,・・,17:15,・・,ﾚ,・・,17:30,・・
空港新城,発,・・,15:47,・・,ﾚ,・・,16:02,・・,ﾚ,・・,16:17,・・,ﾚ,・・,16:32,・・,ﾚ,・・,16:47,・・,ﾚ,・・,17:02,・・,ﾚ,・・,17:17,・・,ﾚ,・・,17:32,・・
飛灣機場,着,・・,15:50,・・,15:43,・・,16:05,・・,15:58,・・,16:20,・・,16:13,・・,16:35,・・,16:28,・・,16:50,・・,16:43,・・,17:05,・・,16:58,・・,17:20,・・,17:13,・・,17:35,・・
発,,・・,15:51,・・,15:45,・・,16:06,・・,16:00,・・,16:21,・・,16:15,・・,16:36,・・,16:30,・・,16:51,・・,16:45,・・,17:06,・・,17:00,・・,17:21,・・,17:15,・・,17:36,・・
翡翠花園         発,,・・,15:58,・・,ﾚ,・・,16:13,・・,ﾚ,・・,16:28,・・,ﾚ,・・,16:43,・・,ﾚ,・・,16:58,・・,ﾚ,・・,17:13,・・,ﾚ,・・,17:28,・・,ﾚ,・・,17:43,・・
紫荊苑             発,,・・,16:01,・・,ﾚ,・・,16:16,・・,ﾚ,・・,16:31,・・,ﾚ,・・,16:46,・・,ﾚ,・・,17:01,・・,ﾚ,・・,17:16,・・,ﾚ,・・,17:31,・・,ﾚ,・・,17:46,・・
御景新村         発,,・・,16:06,・・,ﾚ,・・,16:21,・・,ﾚ,・・,16:36,・・,ﾚ,・・,16:51,・・,ﾚ,・・,17:06,・・,ﾚ,・・,17:21,・・,ﾚ,・・,17:36,・・,ﾚ,・・,17:51,・・
自然保育中心 発,,・・,16:08,・・,ﾚ,・・,16:23,・・,ﾚ,・・,16:38,・・,ﾚ,・・,16:53,・・,ﾚ,・・,17:08,・・,ﾚ,・・,17:23,・・,ﾚ,・・,17:38,・・,ﾚ,・・,17:53,・・
綾路北站         着,,・・,16:10,・・,15:58,・・,16:25,・・,16:13,・・,16:40,・・,16:28,・・,16:55,・・,16:43,・・,17:10,・・,16:58,・・,17:25,・・,17:13,・・,17:40,・・,17:28,・・,17:55,・・
,発着,・・,16:11,・・,・・,・・,16:26,・・,・・,・・,16:41,・・,・・,・・,16:56,・・,・・,・・,17:11,・・,・・,・・,17:26,・・,・・,・・,17:41,・・,・・,・・,17:56,・・
全京大道,,・・,16:13,・・,・・,・・,16:28,・・,・・,・・,16:43,・・,・・,・・,16:58,・・,・・,・・,17:13,・・,・・,・・,17:28,・・,・・,・・,17:43,・・,・・,・・,17:58,・・
発全京車輛基地 着,,"・・
・・","・・
・・","・・
・・","・・
・・","・・
・・","・・
・・","・・
・・","・・
・・","・・
・・","・・
・・","・・
・・","・・
・・","・・
・・","・・
・・","・・
・・","・・
・・","・・
・・","・・
・・","・・
・・","・・
・・","・・
・・","・・
・・","・・
・・","・・
・・","・・
・・","・・
・・","・・
・・","・・
・・","・・
・・","・・
・・","・・
・・"
備考,,,,,,,,,,,,,,,,,,,,,,,,,,,,,,,,
列車番号,,193,2085,7017,1097,3085,195,2087,7019,1099,3087,197,2089,7021,1101,3089,199,2091,7023,1103,3091,201,2093,7025,1105,3093,203,2095,7027,1107,3095,205
運用番号,,E04,C18,C14,C17,C03,E05,C55,C16,C19,C11,E07,C13,C52,C20,51/C12,E06,C53,C09,12/C51,C22,E03,C21,C54,C10,C04,E01,C15,C02,C18,C05,E02
列車種別,,快速,普通,通勤,普通,普通,快速,普通,通勤,普通,普通,快速,普通,通勤,普通,普通,快速,普通,通勤,普通,普通,快速,普通,通勤,普通,普通,快速,普通,通勤,普通,普通,快速
列車名,,,,,,,,,,,,,,,,,,,,,,,,,,,,,,,,
飛灣工業區     発,,16:59,17:02,17:04,17:07,17:12,17:14,17:17,17:19,17:22,17:27,17:29,17:32,17:34,17:37,17:42,17:44,17:47,17:49,17:52,17:57,17:59,18:02,18:04,18:07,18:12,18:14,18:17,18:19,18:22,18:27,18:29
飛灣車輛基地 発,,ﾚ,ﾚ,ﾚ,ﾚ,ﾚ,ﾚ,ﾚ,ﾚ,ﾚ,ﾚ,ﾚ,ﾚ,ﾚ,ﾚ,ﾚ,ﾚ,ﾚ,ﾚ,ﾚ,ﾚ,ﾚ,ﾚ,ﾚ,ﾚ,ﾚ,ﾚ,ﾚ,ﾚ,ﾚ,ﾚ,ﾚ
飛灣港             発,,ﾚ,17:08,17:10,17:12,17:17,ﾚ,17:23,17:25,17:27,17:32,ﾚ,17:38,17:40,17:42,17:47,ﾚ,17:53,17:55,17:57,18:02,ﾚ,18:08,18:10,18:12,18:17,ﾚ,18:23,18:25,18:27,18:32,ﾚ
物流中心         発,,ﾚ,17:09,17:11,17:14,17:19,ﾚ,17:24,17:26,17:29,17:34,ﾚ,17:39,17:41,17:44,17:49,ﾚ,17:54,17:56,17:59,18:04,ﾚ,18:09,18:11,18:14,18:19,ﾚ,18:24,18:26,18:29,18:34,ﾚ
飛灣郵輪港     着,,17:06,17:11,17:13,17:16,17:21,17:21,17:26,17:28,17:31,17:36,17:36,17:41,17:43,17:46,17:51,17:51,17:56,17:58,18:01,18:06,18:06,18:11,18:13,18:16,18:21,18:21,18:26,18:28,18:31,18:36,18:36
,発,17:07,17:12,17:14,17:17,17:23,17:22,17:27,17:29,17:32,17:38,17:37,17:42,17:44,17:47,17:53,17:52,17:57,17:59,18:02,18:08,18:07,18:12,18:14,18:17,18:23,18:22,18:27,18:29,18:32,18:38,18:37
濱江商務區,発,ﾚ,17:17,17:19,17:22,17:28,ﾚ,17:32,17:34,17:37,17:43,ﾚ,17:47,17:49,17:52,17:58,ﾚ,18:02,18:04,18:07,18:13,ﾚ,18:17,18:19,18:22,18:28,ﾚ,18:32,18:34,18:37,18:43,ﾚ
市民廣場,発,ﾚ,17:19,17:21,17:24,17:30,ﾚ,17:34,17:36,17:39,17:45,ﾚ,17:49,17:51,17:54,18:00,ﾚ,18:04,18:06,18:09,18:15,ﾚ,18:19,18:21,18:24,18:30,ﾚ,18:34,18:36,18:39,18:45,ﾚ
文化中心,発,ﾚ,17:21,17:23,17:26,17:32,ﾚ,17:36,17:38,17:41,17:47,ﾚ,17:51,17:53,17:56,18:02,ﾚ,18:06,18:08,18:11,18:17,ﾚ,18:21,18:23,18:26,18:32,ﾚ,18:36,18:38,18:41,18:47,ﾚ
飛灣新站,着,17:13,17:23,17:25,17:27,17:34,17:28,17:38,17:40,17:42,17:49,17:43,17:53,17:55,17:57,18:04,17:58,18:08,18:10,18:12,18:19,18:13,18:23,18:25,18:27,18:34,18:28,18:38,18:40,18:42,18:49,18:43
,発,17:14,17:24,17:26,17:30,17:35,17:29,17:39,17:41,17:45,17:50,17:44,17:54,17:56,18:00,18:05,17:59,18:09,18:11,18:15,18:20,18:14,18:24,18:26,18:30,18:35,18:29,18:39,18:41,18:45,18:50,18:44
科創園,発,ﾚ,17:26,17:32,17:33,17:38,ﾚ,17:41,17:47,17:48,17:53,ﾚ,17:56,18:02,18:03,18:08,ﾚ,18:11,18:17,18:18,18:23,ﾚ,18:26,18:32,18:33,18:38,ﾚ,18:41,18:47,18:48,18:53,ﾚ
飛灣學區,発,ﾚ,17:28,17:33,17:35,17:39,ﾚ,17:43,17:48,17:50,17:54,ﾚ,17:58,18:03,18:05,18:09,ﾚ,18:13,18:18,18:20,18:24,ﾚ,18:28,18:33,18:35,18:39,ﾚ,18:43,18:48,18:50,18:54,ﾚ
飛灣大道,発,ﾚ,17:30,17:35,17:37,17:41,ﾚ,17:45,17:50,17:52,17:56,ﾚ,18:00,18:05,18:07,18:11,ﾚ,18:15,18:20,18:22,18:26,ﾚ,18:30,18:35,18:37,18:41,ﾚ,18:45,18:50,18:52,18:56,ﾚ
飛灣公園,着,17:20,17:34,17:39,17:41,17:45,17:35,17:49,17:54,17:56,18:00,17:50,18:04,18:09,18:11,18:15,18:05,18:19,18:24,18:26,18:30,18:20,18:34,18:39,18:41,18:45,18:35,18:49,18:54,18:56,19:00,18:50
,発,17:21,・・,17:40,17:41,・・,17:36,・・,17:55,17:56,・・,17:51,・・,18:10,18:11,・・,18:06,・・,18:25,18:26,・・,18:21,・・,18:40,18:41,・・,18:36,・・,18:55,18:56,・・,18:51
錦湖,発,ﾚ,・・,ﾚ,17:43,・・,ﾚ,・・,ﾚ,17:58,・・,ﾚ,・・,ﾚ,18:13,・・,ﾚ,・・,ﾚ,18:28,・・,ﾚ,・・,ﾚ,18:43,・・,ﾚ,・・,ﾚ,18:58,・・,ﾚ
鷺島,発,ﾚ,・・,ﾚ,17:45,・・,ﾚ,・・,ﾚ,18:00,・・,ﾚ,・・,ﾚ,18:15,・・,ﾚ,・・,ﾚ,18:30,・・,ﾚ,・・,ﾚ,18:45,・・,ﾚ,・・,ﾚ,19:00,・・,ﾚ
空港新城,発,ﾚ,・・,ﾚ,17:47,・・,ﾚ,・・,ﾚ,18:02,・・,ﾚ,・・,ﾚ,18:17,・・,ﾚ,・・,ﾚ,18:32,・・,ﾚ,・・,ﾚ,18:47,・・,ﾚ,・・,ﾚ,19:02,・・,ﾚ
飛灣機場,着,17:28,・・,17:47,17:51,・・,17:43,・・,18:02,18:06,・・,17:58,・・,18:17,18:21,・・,18:13,・・,18:32,18:36,・・,18:28,・・,18:47,18:51,・・,18:43,・・,19:02,19:06,・・,18:58
発,,17:30,・・,17:48,17:52,・・,17:45,・・,18:03,18:07,・・,18:00,・・,18:18,18:22,・・,18:15,・・,18:33,18:37,・・,18:30,・・,18:48,18:52,・・,18:45,・・,19:03,19:07,・・,19:00
翡翠花園         発,,ﾚ,・・,ﾚ,17:58,・・,ﾚ,・・,ﾚ,18:13,・・,ﾚ,・・,ﾚ,18:28,・・,ﾚ,・・,ﾚ,18:43,・・,ﾚ,・・,ﾚ,18:58,・・,ﾚ,・・,ﾚ,19:13,・・,ﾚ
紫荊苑             発,,ﾚ,・・,ﾚ,18:01,・・,ﾚ,・・,ﾚ,18:16,・・,ﾚ,・・,ﾚ,18:31,・・,ﾚ,・・,ﾚ,18:46,・・,ﾚ,・・,ﾚ,19:01,・・,ﾚ,・・,ﾚ,19:16,・・,ﾚ
御景新村         発,,ﾚ,・・,ﾚ,18:07,・・,ﾚ,・・,ﾚ,18:22,・・,ﾚ,・・,ﾚ,18:37,・・,ﾚ,・・,ﾚ,18:52,・・,ﾚ,・・,ﾚ,19:07,・・,ﾚ,・・,ﾚ,19:22,・・,ﾚ
自然保育中心 発,,ﾚ,・・,ﾚ,18:09,・・,ﾚ,・・,ﾚ,18:24,・・,ﾚ,・・,ﾚ,18:39,・・,ﾚ,・・,ﾚ,18:54,・・,ﾚ,・・,ﾚ,19:09,・・,ﾚ,・・,ﾚ,19:24,・・,ﾚ
綾路北站         着,,17:43,・・,18:01,18:10,・・,17:58,・・,18:16,18:25,・・,18:13,・・,18:31,18:40,・・,18:28,・・,18:46,18:55,・・,18:43,・・,19:01,19:10,・・,18:58,・・,19:16,19:25,・・,19:13
,発着,・・,・・,18:02,18:11,・・,・・,・・,18:17,18:26,・・,・・,・・,18:32,18:41,・・,・・,・・,18:47,18:56,・・,・・,・・,19:02,19:11,・・,・・,・・,19:17,19:26,・・,・・
全京大道,,・・,・・,18:03,18:13,・・,・・,・・,18:18,18:28,・・,・・,・・,18:33,18:43,・・,・・,・・,18:48,18:58,・・,・・,・・,19:03,19:13,・・,・・,・・,19:18,19:28,・・,・・
発全京車輛基地 着,,"・・
・・","・・
・・","・・
・・","・・
・・","・・
・・","・・
・・","・・
・・","・・
・・","・・
・・","・・
・・","・・
・・","・・
・・","・・
・・","・・
・・","・・
・・","・・
・・","・・
・・","・・
・・","・・
・・","・・
・・","・・
・・","・・
・・","・・
・・","・・
・・","・・
・・","・・
・・","・・
・・","・・
・・","・・
・・","・・
・・","・・
・・"
備考,,,,,,,,,,,,,,,,,,,,,,,,,,,,,,,,
列車番号,,2097,7029,1109,3097,207,2099,7031,1111,3099,209,2101,1113,3101,211,2103,1115,3103,213,2105,1117,3105,215,2107,1119,3107,217,2109,1121,3109,219,2111
運用番号,,C03,C56,C55,C23,E04,C11,C07,C13,C20,E05,51/C12,C53,C14,E07,C22,C01,C16,E06,C04,C15,C52,E03,C05,C19,C03,E01,C23,C20,C11,E02,C20
列車種別,,普通,通勤,普通,普通,快速,普通,通勤,普通,普通,快速,普通,普通,普通,快速,普通,普通,普通,快速,普通,普通,普通,快速,普通,普通,普通,快速,普通,普通,普通,快速,普通
列車名,,,,,,,,,,,,,,,,,,,,,,,,,,,,,,,,
飛灣工業區     発,,18:32,18:34,18:37,18:42,18:44,18:47,18:49,18:52,18:57,18:59,19:02,19:07,19:12,19:14,19:17,19:22,19:27,19:29,19:32,19:37,19:42,19:44,19:47,19:52,19:57,19:59,20:02,20:07,20:12,20:14,20:17
飛灣車輛基地 発,,ﾚ,ﾚ,ﾚ,ﾚ,ﾚ,ﾚ,ﾚ,ﾚ,ﾚ,ﾚ,ﾚ,ﾚ,ﾚ,ﾚ,ﾚ,ﾚ,ﾚ,ﾚ,ﾚ,ﾚ,ﾚ,ﾚ,ﾚ,ﾚ,ﾚ,ﾚ,ﾚ,ﾚ,ﾚ,ﾚ,ﾚ
飛灣港             発,,18:38,18:40,18:42,18:47,ﾚ,18:53,18:55,18:57,19:02,ﾚ,19:08,19:12,19:17,ﾚ,19:23,19:27,19:32,ﾚ,19:38,19:42,19:47,ﾚ,19:53,19:57,20:02,ﾚ,20:08,20:12,20:17,ﾚ,20:23
物流中心         発,,18:39,18:41,18:44,18:49,ﾚ,18:54,18:56,18:59,19:04,ﾚ,19:09,19:14,19:19,ﾚ,19:24,19:29,19:34,ﾚ,19:39,19:44,19:49,ﾚ,19:54,19:59,20:04,ﾚ,20:09,20:14,20:19,ﾚ,20:24
飛灣郵輪港     着,,18:41,18:43,18:46,18:51,18:51,18:56,18:58,19:01,19:06,19:06,19:11,19:16,19:21,19:21,19:26,19:31,19:36,19:36,19:41,19:46,19:51,19:51,19:56,20:01,20:06,20:06,20:11,20:16,20:21,20:21,20:26
,発,18:42,18:44,18:47,18:53,18:52,18:57,18:59,19:02,19:08,19:07,19:12,19:17,19:23,19:22,19:27,19:32,19:38,19:37,19:42,19:47,19:53,19:52,19:57,20:02,20:08,20:07,20:12,20:17,20:23,20:22,20:27
濱江商務區,発,18:47,18:49,18:52,18:58,ﾚ,19:02,19:04,19:07,19:13,ﾚ,19:17,19:22,19:28,ﾚ,19:32,19:37,19:43,ﾚ,19:47,19:52,19:58,ﾚ,20:02,20:07,20:13,ﾚ,20:17,20:22,20:28,ﾚ,20:32
市民廣場,発,18:49,18:51,18:54,19:00,ﾚ,19:04,19:06,19:09,19:15,ﾚ,19:19,19:24,19:30,ﾚ,19:34,19:39,19:45,ﾚ,19:49,19:54,20:00,ﾚ,20:04,20:09,20:15,ﾚ,20:19,20:24,20:30,ﾚ,20:34
文化中心,発,18:51,18:53,18:56,19:02,ﾚ,19:06,19:08,19:11,19:17,ﾚ,19:21,19:26,19:32,ﾚ,19:36,19:41,19:47,ﾚ,19:51,19:56,20:02,ﾚ,20:06,20:11,20:17,ﾚ,20:21,20:26,20:32,ﾚ,20:36
飛灣新站,着,18:53,18:55,18:57,19:04,18:58,19:08,19:10,19:12,19:19,19:13,19:23,19:27,19:34,19:28,19:38,19:42,19:49,19:43,19:53,19:57,20:04,19:58,20:08,20:12,20:19,20:13,20:23,20:27,20:34,20:28,20:38
,発,18:54,18:56,19:00,19:05,18:59,19:09,19:11,19:15,19:20,19:14,19:24,19:30,19:35,19:29,19:39,19:45,19:50,19:44,19:54,20:00,20:05,19:59,20:09,20:15,20:20,20:14,20:24,20:30,20:35,20:29,20:39
科創園,発,18:56,19:02,19:03,19:08,ﾚ,19:11,19:17,19:18,19:23,ﾚ,19:26,19:33,19:38,ﾚ,19:41,19:48,19:53,ﾚ,19:56,20:03,20:08,ﾚ,20:11,20:18,20:23,ﾚ,20:26,20:33,20:38,ﾚ,20:41
飛灣學區,発,18:58,19:03,19:05,19:09,ﾚ,19:13,19:18,19:20,19:24,ﾚ,19:28,19:35,19:39,ﾚ,19:43,19:50,19:54,ﾚ,19:58,20:05,20:09,ﾚ,20:13,20:20,20:24,ﾚ,20:28,20:35,20:39,ﾚ,20:43
飛灣大道,発,19:00,19:05,19:07,19:11,ﾚ,19:15,19:20,19:22,19:26,ﾚ,19:30,19:37,19:41,ﾚ,19:45,19:52,19:56,ﾚ,20:00,20:07,20:11,ﾚ,20:15,20:22,20:26,ﾚ,20:30,20:37,20:41,ﾚ,20:45
飛灣公園,着,19:04,19:09,19:11,19:15,19:05,19:19,19:24,19:26,19:30,19:20,19:34,19:40,19:45,19:35,19:49,19:55,20:00,19:50,20:04,20:10,20:15,20:05,20:19,20:25,20:30,20:20,20:34,20:40,20:45,20:35,20:49
,発,・・,19:10,19:11,・・,19:06,・・,19:25,19:26,・・,19:21,・・,19:41,・・,19:36,・・,19:56,・・,19:51,・・,20:11,・・,20:06,・・,20:26,・・,20:21,・・,20:41,・・,20:36,・・
錦湖,発,・・,ﾚ,19:13,・・,ﾚ,・・,ﾚ,19:28,・・,ﾚ,・・,19:43,・・,ﾚ,・・,19:58,・・,ﾚ,・・,20:13,・・,ﾚ,・・,20:28,・・,ﾚ,・・,20:43,・・,ﾚ,・・
鷺島,発,・・,ﾚ,19:15,・・,ﾚ,・・,ﾚ,19:30,・・,ﾚ,・・,19:45,・・,ﾚ,・・,20:00,・・,ﾚ,・・,20:15,・・,ﾚ,・・,20:30,・・,ﾚ,・・,20:45,・・,ﾚ,・・
空港新城,発,・・,ﾚ,19:17,・・,ﾚ,・・,ﾚ,19:32,・・,ﾚ,・・,19:47,・・,ﾚ,・・,20:02,・・,ﾚ,・・,20:17,・・,ﾚ,・・,20:32,・・,ﾚ,・・,20:47,・・,ﾚ,・・
飛灣機場,着,・・,19:17,19:21,・・,19:13,・・,19:32,19:36,・・,19:28,・・,19:50,・・,19:43,・・,20:05,・・,19:58,・・,20:20,・・,20:13,・・,20:35,・・,20:28,・・,20:50,・・,20:43,・・
発,,・・,19:18,19:22,・・,19:15,・・,19:33,19:37,・・,19:30,・・,19:51,・・,19:45,・・,20:06,・・,20:00,・・,20:21,・・,20:15,・・,20:36,・・,20:30,・・,20:51,・・,20:45,・・
翡翠花園         発,,・・,ﾚ,19:28,・・,ﾚ,・・,ﾚ,19:43,・・,ﾚ,・・,19:58,・・,ﾚ,・・,20:13,・・,ﾚ,・・,20:28,・・,ﾚ,・・,20:43,・・,ﾚ,・・,20:58,・・,ﾚ,・・
紫荊苑             発,,・・,ﾚ,19:31,・・,ﾚ,・・,ﾚ,19:46,・・,ﾚ,・・,20:01,・・,ﾚ,・・,20:16,・・,ﾚ,・・,20:31,・・,ﾚ,・・,20:46,・・,ﾚ,・・,21:01,・・,ﾚ,・・
御景新村         発,,・・,ﾚ,19:37,・・,ﾚ,・・,ﾚ,19:52,・・,ﾚ,・・,20:06,・・,ﾚ,・・,20:21,・・,ﾚ,・・,20:36,・・,ﾚ,・・,20:51,・・,ﾚ,・・,21:06,・・,ﾚ,・・
自然保育中心 発,,・・,ﾚ,19:39,・・,ﾚ,・・,ﾚ,19:54,・・,ﾚ,・・,20:08,・・,ﾚ,・・,20:23,・・,ﾚ,・・,20:38,・・,ﾚ,・・,20:53,・・,ﾚ,・・,21:08,・・,ﾚ,・・
綾路北站         着,,・・,19:31,19:40,・・,19:28,・・,19:46,19:55,・・,19:43,・・,20:10,・・,19:58,・・,20:25,・・,20:13,・・,20:40,・・,20:28,・・,20:55,・・,20:43,・・,21:10,・・,20:58,・・
,発着,・・,19:32,19:41,・・,・・,・・,19:47,19:56,・・,・・,・・,20:11,・・,・・,・・,20:26,・・,・・,・・,20:41,・・,・・,・・,20:56,・・,・・,・・,21:11,・・,・・,・・
全京大道,,・・,19:33,19:43,・・,・・,・・,19:48,19:58,・・,・・,・・,20:13,・・,・・,・・,20:28,・・,・・,・・,20:43,・・,・・,・・,20:58,・・,・・,・・,21:13,・・,・・,・・
発全京車輛基地 着,,"・・
・・","・・
・・","・・
・・","・・
・・","・・
・・","・・
・・","・・
・・","・・
・・","・・
・・","・・
・・","・・
・・","・・
・・","・・
・・","・・
・・","・・
・・","・・
・・","・・
・・","・・
・・","・・
・・","・・
・・","・・
・・","・・
・・","・・
・・","・・
・・","・・
・・","・・
・・","・・
・・","・・
・・","・・
・・","・・
・・","・・
・・"
備考,,,,,,,,,,,,,,,,,,,,,,,,,,,,,,,,
列車番号,,1123,3111,221,2113,1125,3113,223,2115,1127,3115,225,2117,1129,3117,227,2119,1131,3119,229,2121,1133,3121,231,2123,1135,3123,233,1137,235,1139,1141
運用番号,,C09,51/C12,E04,C14,C10,C22,E05,C16,C02,C04,E07,C52,C18,C05,E06,C03,C07,C23,E03,C11,C13,C20,E01,51/C12,C53,C14,E02,C16,E04,C15,C52
列車種別,,普通,普通,快速,普通,普通,普通,快速,普通,普通,普通,快速,普通,普通,普通,快速,普通,普通,普通,快速,普通,普通,普通,快速,普通,普通,普通,快速,普通,快速,普通,普通
列車名,,,,,,,,,,,,,,,,,,,,,,,,,,,,,,,,
飛灣工業區     発,,20:22,20:27,20:29,20:32,20:37,20:42,20:44,20:47,20:52,20:57,20:59,21:02,21:07,21:12,21:14,21:17,21:22,21:27,21:29,21:32,21:37,21:42,21:44,21:47,21:52,21:57,21:59,22:07,22:14,22:22,22:26
飛灣車輛基地 発,,ﾚ,ﾚ,ﾚ,ﾚ,ﾚ,ﾚ,ﾚ,ﾚ,ﾚ,ﾚ,ﾚ,ﾚ,ﾚ,ﾚ,ﾚ,ﾚ,ﾚ,ﾚ,ﾚ,ﾚ,ﾚ,ﾚ,ﾚ,ﾚ,ﾚ,ﾚ,ﾚ,ﾚ,ﾚ,ﾚ,ﾚ
飛灣港             発,,20:27,20:32,ﾚ,20:38,20:42,20:47,ﾚ,20:53,20:57,21:02,ﾚ,21:08,21:12,21:17,ﾚ,21:23,21:27,21:32,ﾚ,21:38,21:42,21:47,ﾚ,21:53,21:57,22:02,ﾚ,22:12,ﾚ,22:27,22:32
物流中心         発,,20:29,20:34,ﾚ,20:39,20:44,20:49,ﾚ,20:54,20:59,21:04,ﾚ,21:09,21:14,21:19,ﾚ,21:24,21:29,21:34,ﾚ,21:39,21:44,21:49,ﾚ,21:54,21:59,22:04,ﾚ,22:14,ﾚ,22:29,22:34
飛灣郵輪港     着,,20:31,20:36,20:36,20:41,20:46,20:51,20:51,20:56,21:01,21:06,21:06,21:11,21:16,21:21,21:21,21:26,21:31,21:36,21:36,21:41,21:46,21:51,21:51,21:56,22:01,22:06,22:06,22:16,22:21,22:31,22:35
,発,20:32,20:38,20:37,20:42,20:47,20:53,20:52,20:57,21:02,21:08,21:07,21:12,21:17,21:23,21:22,21:27,21:32,21:38,21:37,21:42,21:47,21:53,21:52,21:57,22:02,22:08,22:07,22:17,22:22,22:32,22:38
濱江商務區,発,20:37,20:43,ﾚ,20:47,20:52,20:58,ﾚ,21:02,21:07,21:13,ﾚ,21:17,21:22,21:28,ﾚ,21:32,21:37,21:43,ﾚ,21:47,21:52,21:58,ﾚ,22:02,22:07,22:13,ﾚ,22:22,ﾚ,22:37,22:43
市民廣場,発,20:39,20:45,ﾚ,20:49,20:54,21:00,ﾚ,21:04,21:09,21:15,ﾚ,21:19,21:24,21:30,ﾚ,21:34,21:39,21:45,ﾚ,21:49,21:54,22:00,ﾚ,22:04,22:09,22:15,ﾚ,22:24,ﾚ,22:39,22:45
文化中心,発,20:41,20:47,ﾚ,20:51,20:56,21:02,ﾚ,21:06,21:11,21:17,ﾚ,21:21,21:26,21:32,ﾚ,21:36,21:41,21:47,ﾚ,21:51,21:56,22:02,ﾚ,22:06,22:11,22:17,ﾚ,22:26,ﾚ,22:41,22:47
飛灣新站,着,20:42,20:49,20:43,20:53,20:57,21:04,20:58,21:08,21:12,21:19,21:13,21:23,21:27,21:34,21:28,21:38,21:42,21:49,21:43,21:53,21:57,22:04,21:58,22:08,22:12,22:19,22:13,22:27,22:28,22:42,22:49
,発,20:45,20:50,20:44,20:54,21:00,21:05,20:59,21:09,21:15,21:20,21:14,21:24,21:30,21:35,21:29,21:39,21:45,21:50,21:44,21:54,22:00,22:05,21:59,22:09,22:15,22:20,22:14,22:30,22:29,22:45,22:51
科創園,発,20:48,20:53,ﾚ,20:56,21:03,21:08,ﾚ,21:11,21:18,21:23,ﾚ,21:26,21:33,21:38,ﾚ,21:41,21:48,21:53,ﾚ,21:56,22:03,22:08,ﾚ,22:11,22:18,22:23,ﾚ,22:33,ﾚ,22:48,22:53
飛灣學區,発,20:50,20:54,ﾚ,20:58,21:05,21:09,ﾚ,21:13,21:20,21:24,ﾚ,21:28,21:35,21:39,ﾚ,21:43,21:50,21:54,ﾚ,21:58,22:05,22:09,ﾚ,22:13,22:20,22:24,ﾚ,22:35,ﾚ,22:50,22:55
飛灣大道,発,20:52,20:56,ﾚ,21:00,21:07,21:11,ﾚ,21:15,21:22,21:26,ﾚ,21:30,21:37,21:41,ﾚ,21:45,21:52,21:56,ﾚ,22:00,22:07,22:11,ﾚ,22:15,22:22,22:26,ﾚ,22:37,ﾚ,22:52,22:57
飛灣公園,着,20:55,21:00,20:50,21:04,21:10,21:15,21:05,21:19,21:25,21:30,21:20,21:34,21:40,21:45,21:35,21:49,21:55,22:00,21:50,22:04,22:10,22:15,22:05,22:19,22:25,22:30,22:20,22:40,22:35,22:55,23:01
,発,20:56,・・,20:51,・・,21:11,・・,21:06,・・,21:26,・・,21:21,・・,21:41,・・,21:36,・・,21:56,・・,21:51,・・,22:11,・・,22:06,・・,22:26,・・,22:21,22:41,22:36,22:56,23:02
錦湖,発,20:58,・・,ﾚ,・・,21:13,・・,ﾚ,・・,21:28,・・,ﾚ,・・,21:43,・・,ﾚ,・・,21:58,・・,ﾚ,・・,22:13,・・,ﾚ,・・,22:28,・・,ﾚ,22:43,ﾚ,22:58,23:05
鷺島,発,21:00,・・,ﾚ,・・,21:15,・・,ﾚ,・・,21:30,・・,ﾚ,・・,21:45,・・,ﾚ,・・,22:00,・・,ﾚ,・・,22:15,・・,ﾚ,・・,22:30,・・,ﾚ,22:45,ﾚ,23:00,23:06
空港新城,発,21:02,・・,ﾚ,・・,21:17,・・,ﾚ,・・,21:32,・・,ﾚ,・・,21:47,・・,ﾚ,・・,22:02,・・,ﾚ,・・,22:17,・・,ﾚ,・・,22:32,・・,ﾚ,22:47,ﾚ,23:02,23:09
飛灣機場,着,21:05,・・,20:58,・・,21:20,・・,21:13,・・,21:35,・・,21:28,・・,21:50,・・,21:43,・・,22:05,・・,21:58,・・,22:20,・・,22:13,・・,22:35,・・,22:28,22:50,22:43,23:05,23:12
発,,21:06,・・,21:00,・・,21:21,・・,21:15,・・,21:36,・・,21:30,・・,21:51,・・,21:45,・・,22:06,・・,22:00,・・,22:21,・・,22:15,・・,22:36,・・,22:30,22:51,22:45,23:06,23:15
翡翠花園         発,,21:13,・・,ﾚ,・・,21:28,・・,ﾚ,・・,21:43,・・,ﾚ,・・,21:58,・・,ﾚ,・・,22:13,・・,ﾚ,・・,22:28,・・,ﾚ,・・,22:43,・・,ﾚ,22:58,ﾚ,23:13,23:21
紫荊苑             発,,21:16,・・,ﾚ,・・,21:31,・・,ﾚ,・・,21:46,・・,ﾚ,・・,22:01,・・,ﾚ,・・,22:16,・・,ﾚ,・・,22:31,・・,ﾚ,・・,22:46,・・,ﾚ,23:01,ﾚ,23:16,23:24
御景新村         発,,21:21,・・,ﾚ,・・,21:36,・・,ﾚ,・・,21:51,・・,ﾚ,・・,22:06,・・,ﾚ,・・,22:21,・・,ﾚ,・・,22:36,・・,ﾚ,・・,22:51,・・,ﾚ,23:06,ﾚ,23:21,23:30
自然保育中心 発,,21:23,・・,ﾚ,・・,21:38,・・,ﾚ,・・,21:53,・・,ﾚ,・・,22:08,・・,ﾚ,・・,22:23,・・,ﾚ,・・,22:38,・・,ﾚ,・・,22:53,・・,ﾚ,23:08,ﾚ,23:23,23:32
綾路北站         着,,21:25,・・,21:13,・・,21:40,・・,21:28,・・,21:55,・・,21:43,・・,22:10,・・,21:58,・・,22:25,・・,22:13,・・,22:40,・・,22:28,・・,22:55,・・,22:43,23:10,22:58,23:25,23:34
,発着,21:26,・・,・・,・・,21:41,・・,・・,・・,21:56,・・,・・,・・,22:11,・・,・・,・・,22:26,・・,・・,・・,22:41,・・,・・,・・,22:56,・・,・・,23:11,・・,23:26,23:35
全京大道,,21:28,・・,・・,・・,21:43,・・,・・,・・,21:58,・・,・・,・・,22:13,・・,・・,・・,22:28,・・,・・,・・,22:43,・・,・・,・・,22:58,・・,・・,23:13,・・,23:28,23:36
発全京車輛基地 着,,"・・
・・","・・
・・","・・
・・","・・
・・","・・
・・","・・
・・","・・
・・","・・
・・","・・
・・","・・
・・","・・
・・","・・
・・","・・
・・","・・
・・","・・
・・","・・
・・","・・
・・","・・
・・","・・
・・","・・
・・","・・
・・","・・
・・","・・
・・","・・
・・","・・
・・","・・
・・","・・
・・","・・
・・","・・
・・","・・
・・","・・
・・"
備考,,,,,,,,,,,,,,,,,,,,,,,,,,,,,,,,
列車番号,,237,1143,239,1145,241,1147,243,1149,245,1151,247,1153,,,,,,,,,,,,,,,,,,,
運用番号,,E05,C05,E07,C20,E06,C09,E03,C10,E01,C02,E02,C18,,,,,,,,,,,,,,,,,,,
列車種別,,快速,普通,快速,普通,快速,普通,快速,普通,快速,普通,快速,普通,,,,,,,,,,,,,,,,,,,
列車名,,,,,,,,,,,,,,,,,,,,,,,,,,,,,,,,
飛灣工業區     発,,22:29,22:37,22:44,22:52,22:59,23:07,23:14,23:22,23:29,23:37,23:44,23:51,・・,,,,,,,,,,,,,,,,,,
飛灣車輛基地 発,,ﾚ,ﾚ,ﾚ,ﾚ,ﾚ,ﾚ,ﾚ,ﾚ,ﾚ,ﾚ,ﾚ,ﾚ,・・,,,,,,,,,,,,,,,,,,
飛灣港             発,,ﾚ,22:42,ﾚ,22:57,ﾚ,23:12,ﾚ,23:27,ﾚ,23:42,ﾚ,23:57,・・,,,,,,,,,,,,,,,,,,
物流中心         発,,ﾚ,22:44,ﾚ,22:59,ﾚ,23:14,ﾚ,23:29,ﾚ,23:44,ﾚ,23:58,・・,,,,,,,,,,,,,,,,,,
飛灣郵輪港     着,,22:36,22:46,22:51,23:01,23:06,23:16,23:21,23:31,23:36,23:46,23:51,24:00,・・,,,,,,,,,,,,,,,,,,
,発,22:37,22:47,22:52,23:02,23:07,23:17,23:22,23:32,23:37,23:47,23:52,・・,・・,,,,,,,,,,,,,,,,,,
濱江商務區,発,ﾚ,22:52,ﾚ,23:07,ﾚ,23:22,ﾚ,23:37,ﾚ,23:52,ﾚ,・・,・・,,,,,,,,,,,,,,,,,,
市民廣場,発,ﾚ,22:54,ﾚ,23:09,ﾚ,23:24,ﾚ,23:39,ﾚ,23:54,ﾚ,・・,・・,,,,,,,,,,,,,,,,,,
文化中心,発,ﾚ,22:56,ﾚ,23:11,ﾚ,23:26,ﾚ,23:41,ﾚ,23:56,ﾚ,・・,・・,,,,,,,,,,,,,,,,,,
飛灣新站,着,22:43,22:57,22:58,23:12,23:13,23:27,23:28,23:42,23:43,23:57,23:58,・・,・・,,,,,,,,,,,,,,,,,,
,発,22:44,23:00,22:59,23:15,23:14,23:30,23:29,23:45,23:44,・・,・・,・・,・・,,,,,,,,,,,,,,,,,,
科創園,発,ﾚ,23:03,ﾚ,23:18,ﾚ,23:33,ﾚ,23:48,ﾚ,・・,・・,・・,・・,,,,,,,,,,,,,,,,,,
飛灣學區,発,ﾚ,23:05,ﾚ,23:20,ﾚ,23:35,ﾚ,23:50,ﾚ,・・,・・,・・,・・,,,,,,,,,,,,,,,,,,
飛灣大道,発,ﾚ,23:07,ﾚ,23:22,ﾚ,23:37,ﾚ,23:52,ﾚ,・・,・・,・・,・・,,,,,,,,,,,,,,,,,,
飛灣公園,着,22:50,23:10,23:05,23:25,23:20,23:40,23:35,23:55,23:50,・・,・・,・・,・・,,,,,,,,,,,,,,,,,,
,発,22:51,23:11,23:06,23:26,23:21,23:41,23:36,23:56,23:51,・・,・・,・・,・・,,,,,,,,,,,,,,,,,,
錦湖,発,ﾚ,23:13,ﾚ,23:28,ﾚ,23:43,ﾚ,23:58,ﾚ,・・,・・,・・,・・,,,,,,,,,,,,,,,,,,
鷺島,発,ﾚ,23:15,ﾚ,23:30,ﾚ,23:45,ﾚ,0:00,ﾚ,・・,・・,・・,・・,,,,,,,,,,,,,,,,,,
空港新城,発,ﾚ,23:17,ﾚ,23:32,ﾚ,23:47,ﾚ,0:02,ﾚ,・・,・・,・・,・・,,,,,,,,,,,,,,,,,,
飛灣機場,着,22:58,23:20,23:13,23:35,23:28,23:50,23:43,0:05,23:58,・・,・・,・・,・・,,,,,,,,,,,,,,,,,,
発,,23:00,23:21,23:15,23:36,23:30,23:51,23:45,・・,・・,・・,・・,・・,・・,,,,,,,,,,,,,,,,,,
翡翠花園         発,,ﾚ,23:28,ﾚ,23:43,ﾚ,23:58,ﾚ,・・,・・,・・,・・,・・,・・,,,,,,,,,,,,,,,,,,
紫荊苑             発,,ﾚ,23:31,ﾚ,23:46,ﾚ,24:00,ﾚ,・・,・・,・・,・・,・・,・・,,,,,,,,,,,,,,,,,,
御景新村         発,,ﾚ,23:36,ﾚ,23:51,ﾚ,====,ﾚ,・・,・・,・・,・・,・・,・・,,,,,,,,,,,,,,,,,,
自然保育中心 発,,ﾚ,23:38,ﾚ,23:53,ﾚ,・・,ﾚ,・・,・・,・・,・・,・・,・・,,,,,,,,,,,,,,,,,,
綾路北站         着,,23:13,23:40,23:28,23:55,23:43,・・,23:58,・・,・・,・・,・・,・・,・・,,,,,,,,,,,,,,,,,,
全京大道,発着,"・・
・・","23:41
23:43","・・
・・","23:56
23:58","・・
・・","・・
・・","・・
・・","・・
・・","・・
・・","・・
・・","・・
・・","・・
・・","・・
・・",,,,,,,,,,,,,,,,,,
発全京車輛基地 着,,"・・
・・","・・
・・","・・
・・","・・
・・","・・
・・","・・
・・","・・
・・","・・
・・","・・
・・","・・
・・","・・
・・","・・
・・","・・
・・",,,,,,,,,,,,,,,,,,
備考,,,,,,,,,,,,,,,,,,,,,,,,,,,,,,,,
