列車番号,,1002,102,1004,104,1006,106,1008,3002,108,1010,2002,3004,110,1012,2004,7002,3006,112,1014,2006,7004,3008,114,1016,2008,7006,3010,116,1018,2010,7008
運用番号,,C14,E04,C15,E05,C17,E07,C19,C20,E06,51/C12,C21,C56,E03,C18,C22,C55,C23,E01,C16,C02,C52,C04,E02,C13,C05,C53,C07,E04,12/C51,C8,C54
列車種別,,普通,快速,普通,快速,普通,快速,普通,普通,快速,普通,普通,普通,快速,普通,普通,通勤,普通,快速,普通,普通,通勤,普通,快速,普通,普通,通勤,普通,快速,普通,普通,通勤
列車名,,,,,,,,,,,,,,,,,,,,,,,,,,,,,,,,
全京車輛基地 発,,・・,・・,・・,・・,・・,・・,・・,・・,・・,・・,・・,・・,・・,・・,・・,・・,・・,・・,・・,・・,・・,・・,・・,・・,・・,・・,・・,・・,・・,・・,・・
"全京大道        着
発",,"・・
・・","・・
・・","・・
・・","・・
・・","・・
・・","・・
・・","・・
・・","・・
・・","・・
・・","・・
6:06","・・
・・","・・
6:17","・・
・・","・・
6:21","・・
・・","・・
6:40","・・
・・","・・
・・","・・
6:35","・・
・・","・・
6:55","・・
・・","・・
・・","・・
6:50","・・
・・","・・
7:10","・・
・・","・・
・・","・・
7:05","・・
・・","・・
7:25"
綾路北站        発,,----,----,----,----,----,6:03,----,----,6:18,6:09,----,6:20,6:33,6:24,----,6:42,----,6:48,6:38,----,6:57,----,7:03,6:53,----,7:12,----,7:18,7:08,----,7:27
自然保育中心 発,,・・,・・,・・,・・,・・,ﾚ,・・,・・,ﾚ,6:11,・・,6:22,ﾚ,6:26,・・,ﾚ,・・,ﾚ,6:40,・・,ﾚ,・・,ﾚ,6:55,・・,ﾚ,・・,ﾚ,7:10,・・,ﾚ
御景新村        発,,・・,・・,・・,・・,・・,ﾚ,・・,・・,ﾚ,6:13,・・,6:24,ﾚ,6:28,・・,ﾚ,・・,ﾚ,6:42,・・,ﾚ,・・,ﾚ,6:57,・・,ﾚ,・・,ﾚ,7:12,・・,ﾚ
紫荊苑           発,,・・,・・,・・,・・,・・,ﾚ,6:04,・・,ﾚ,6:19,・・,6:30,ﾚ,6:34,・・,ﾚ,・・,ﾚ,6:49,・・,ﾚ,・・,ﾚ,7:04,・・,ﾚ,・・,ﾚ,7:19,・・,ﾚ
翡翠花園        発,,・・,・・,・・,・・,・・,ﾚ,6:07,・・,ﾚ,6:22,・・,6:33,ﾚ,6:37,・・,ﾚ,・・,ﾚ,6:52,・・,ﾚ,・・,ﾚ,7:07,・・,ﾚ,・・,ﾚ,7:22,・・,ﾚ
飛灣機場        着,,・・,・・,・・,・・,・・,6:13,6:13,・・,6:28,6:28,・・,6:39,6:43,6:43,・・,6:53,・・,6:58,6:58,・・,7:08,・・,7:13,7:13,・・,7:23,・・,7:28,7:28,・・,7:38
,発,・・,・・,・・,6:00,6:01,6:15,6:16,・・,6:30,6:31,・・,6:39,6:45,6:46,・・,6:55,・・,7:00,7:01,・・,7:10,・・,7:15,7:16,・・,7:25,・・,7:30,7:31,・・,7:40
空港新城,発,・・,・・,・・,ﾚ,6:05,ﾚ,6:20,・・,ﾚ,6:35,・・,6:43,ﾚ,6:50,・・,ﾚ,・・,ﾚ,7:05,・・,ﾚ,・・,ﾚ,7:20,・・,ﾚ,・・,ﾚ,7:35,・・,ﾚ
鷺島,発,・・,・・,・・,ﾚ,6:08,ﾚ,6:23,・・,ﾚ,6:38,・・,6:46,ﾚ,6:53,・・,ﾚ,・・,ﾚ,7:08,・・,ﾚ,・・,ﾚ,7:23,・・,ﾚ,・・,ﾚ,7:38,・・,ﾚ
錦湖,発,・・,・・,・・,ﾚ,6:09,ﾚ,6:24,・・,ﾚ,6:39,・・,6:47,ﾚ,6:54,・・,ﾚ,・・,ﾚ,7:09,・・,ﾚ,・・,ﾚ,7:24,・・,ﾚ,・・,ﾚ,7:39,・・,ﾚ
飛灣公園,着,・・,・・,・・,6:08,6:11,6:23,6:26,・・,6:38,6:41,・・,6:49,6:53,6:56,・・,7:02,・・,7:08,7:11,・・,7:17,・・,7:23,7:26,・・,7:32,・・,7:38,7:41,・・,7:47
,発,・・,・・,5:57,6:09,6:12,6:24,6:27,6:35,6:39,6:42,6:45,6:50,6:54,6:57,7:00,7:03,7:05,7:09,7:12,7:15,7:18,7:20,7:24,7:27,7:30,7:33,7:35,7:39,7:42,7:45,7:48
飛灣大道,発,・・,・・,6:01,ﾚ,6:16,ﾚ,6:31,6:39,ﾚ,6:46,6:49,6:54,ﾚ,7:01,7:04,7:07,7:09,ﾚ,7:16,7:19,7:22,7:24,ﾚ,7:31,7:34,7:37,7:39,ﾚ,7:46,7:49,7:52
飛灣學區,発,・・,・・,6:03,ﾚ,6:18,ﾚ,6:33,6:41,ﾚ,6:48,6:51,6:56,ﾚ,7:03,7:06,7:09,7:11,ﾚ,7:18,7:21,7:24,7:26,ﾚ,7:33,7:36,7:39,7:41,ﾚ,7:48,7:51,7:54
科創園,発,・・,・・,6:05,ﾚ,6:20,ﾚ,6:35,6:45,ﾚ,6:50,6:53,7:00,ﾚ,7:05,7:08,7:11,7:17,ﾚ,7:20,7:23,7:26,7:32,ﾚ,7:35,7:38,7:41,7:47,ﾚ,7:50,7:53,7:56
飛灣新站,着,・・,・・,6:07,6:14,6:22,6:29,6:37,6:47,6:44,6:52,6:55,7:02,6:59,7:07,7:10,7:13,7:19,7:14,7:22,7:25,7:28,7:34,7:29,7:37,7:40,7:43,7:49,7:44,7:52,7:55,7:58
,発,5:53,6:00,6:08,6:15,6:23,6:30,6:38,6:48,6:45,6:53,6:56,7:03,7:00,7:08,7:11,7:16,7:20,7:15,7:23,7:26,7:31,7:35,7:30,7:38,7:41,7:46,7:50,7:45,7:53,7:56,8:01
文化中心,発,5:55,ﾚ,6:10,ﾚ,6:25,ﾚ,6:40,6:50,ﾚ,6:55,6:59,7:05,ﾚ,7:10,7:14,7:18,7:22,ﾚ,7:25,7:29,7:33,7:37,ﾚ,7:40,7:44,7:48,7:52,ﾚ,7:55,7:59,8:03
市民廣場,発,5:57,ﾚ,6:12,ﾚ,6:27,ﾚ,6:42,6:52,ﾚ,6:57,7:01,7:07,ﾚ,7:12,7:16,7:20,7:24,ﾚ,7:27,7:31,7:35,7:39,ﾚ,7:42,7:46,7:50,7:54,ﾚ,7:57,8:01,8:05
濱江商務區,発,5:59,ﾚ,6:14,ﾚ,6:29,ﾚ,6:44,6:54,ﾚ,6:59,7:03,7:09,ﾚ,7:14,7:18,7:22,7:26,ﾚ,7:29,7:33,7:37,7:41,ﾚ,7:44,7:48,7:52,7:56,ﾚ,7:59,8:03,8:07
飛灣郵輪港,着,6:04,6:08,6:19,6:23,6:34,6:38,6:49,6:59,6:53,7:04,7:07,7:14,7:08,7:19,7:22,7:27,7:31,7:23,7:34,7:37,7:42,7:46,7:38,7:49,7:52,7:57,8:01,7:53,8:04,8:07,8:12
発,,6:05,6:09,6:20,6:24,6:35,6:39,6:50,7:00,6:54,7:05,7:10,7:15,7:09,7:20,7:25,7:28,7:32,7:24,7:35,7:40,7:43,7:47,7:39,7:50,7:55,7:58,8:02,7:54,8:05,8:10,8:13
物流中心        発,,6:06,ﾚ,6:21,ﾚ,6:36,ﾚ,6:51,7:01,ﾚ,7:06,7:12,7:16,ﾚ,7:21,7:27,7:30,7:33,ﾚ,7:36,7:42,7:45,7:48,ﾚ,7:51,7:57,8:00,8:03,ﾚ,8:06,8:12,8:15
飛灣港           発,,6:08,ﾚ,6:23,ﾚ,6:38,ﾚ,6:53,7:03,ﾚ,7:08,7:14,7:18,ﾚ,7:23,7:29,7:33,7:35,ﾚ,7:38,7:44,7:48,7:50,ﾚ,7:53,7:59,8:03,8:05,ﾚ,8:08,8:14,8:18
飛灣車輛基地 発,,ﾚ,ﾚ,ﾚ,ﾚ,ﾚ,ﾚ,ﾚ,ﾚ,ﾚ,ﾚ,ﾚ,ﾚ,ﾚ,ﾚ,ﾚ,ﾚ,ﾚ,ﾚ,ﾚ,ﾚ,ﾚ,ﾚ,ﾚ,ﾚ,ﾚ,ﾚ,ﾚ,ﾚ,ﾚ,ﾚ,ﾚ
飛灣工業區    着,,6:14,6:16,6:29,6:31,6:44,6:46,6:59,7:09,7:01,7:14,7:19,7:24,7:16,7:29,7:34,7:38,7:41,7:31,7:44,7:49,7:53,7:56,7:46,7:59,8:04,8:08,8:11,8:01,8:14,8:19,8:23
"備
考",,,,,,,,,,,,,,,,,,,,,,,,,,,,,,,,
列車番号,,3012,118,1020,2012,7010,3014,120,1022,2014,7012,3016,122,1024,2016,7014,3018,124,1026,2018,7016,3020,126,1028,2020,3022,128,1030,2022,3024,130,1032
運用番号,,C10,E05,C01,51/C12,C15,C11,E07,C14,C18,C17,C55,E06,C03,C16,C19,C52,E03,C06,C13,C20,C53,E01,C09,12/C51,C54,E02,C21,C10,C15,E04,C22
列車種別,,普通,快速,普通,普通,通勤,普通,快速,普通,普通,通勤,普通,快速,普通,普通,通勤,普通,快速,普通,普通,通勤,普通,快速,普通,普通,普通,快速,普通,普通,普通,快速,普通
列車名,,,,,,,,,,,,,,,,,,,,,,,,,,,,,,,,
全京車輛基地 発,,・・,・・,・・,・・,・・,・・,・・,・・,・・,・・,・・,・・,・・,・・,・・,・・,・・,・・,・・,・・,・・,・・,・・,・・,・・,・・,・・,・・,・・,・・,・・
"全京大道        着
発",,"・・
・・","・・
・・","・・
7:20","・・
・・","・・
7:40","・・
・・","・・
・・","・・
7:35","・・
・・","・・
7:55","・・
・・","・・
・・","・・
7:50","・・
・・","・・
8:10","・・
・・","・・
・・","・・
8:05","・・
・・","・・
8:25","・・
・・","・・
・・","・・
8:20","・・
・・","・・
・・","・・
・・","・・
8:36","・・
・・","・・
・・","・・
・・","・・
8:51"
綾路北站        発,,----,7:33,7:23,----,7:42,----,7:48,7:38,----,7:57,----,8:03,7:53,----,8:12,----,8:18,8:08,----,8:27,----,8:33,8:23,----,----,8:48,8:39,----,----,9:03,8:54
自然保育中心 発,,・・,ﾚ,7:25,・・,ﾚ,・・,ﾚ,7:40,・・,ﾚ,・・,ﾚ,7:55,・・,ﾚ,・・,ﾚ,8:10,・・,ﾚ,・・,ﾚ,8:25,・・,・・,ﾚ,8:41,・・,・・,ﾚ,8:56
御景新村        発,,・・,ﾚ,7:27,・・,ﾚ,・・,ﾚ,7:42,・・,ﾚ,・・,ﾚ,7:57,・・,ﾚ,・・,ﾚ,8:12,・・,ﾚ,・・,ﾚ,8:27,・・,・・,ﾚ,8:43,・・,・・,ﾚ,8:58
紫荊苑           発,,・・,ﾚ,7:34,・・,ﾚ,・・,ﾚ,7:49,・・,ﾚ,・・,ﾚ,8:04,・・,ﾚ,・・,ﾚ,8:19,・・,ﾚ,・・,ﾚ,8:34,・・,・・,ﾚ,8:49,・・,・・,ﾚ,9:04
翡翠花園        発,,・・,ﾚ,7:37,・・,ﾚ,・・,ﾚ,7:52,・・,ﾚ,・・,ﾚ,8:07,・・,ﾚ,・・,ﾚ,8:22,・・,ﾚ,・・,ﾚ,8:37,・・,・・,ﾚ,8:52,・・,・・,ﾚ,9:07
飛灣機場        着,,・・,7:43,7:43,・・,7:53,・・,7:58,7:58,・・,8:08,・・,8:13,8:13,・・,8:23,・・,8:28,8:28,・・,8:38,・・,8:43,8:43,・・,・・,8:58,8:58,・・,・・,9:13,9:13
,発,・・,7:45,7:46,・・,7:55,・・,8:00,8:01,・・,8:10,・・,8:15,8:16,・・,8:25,・・,8:30,8:31,・・,8:40,・・,8:45,8:46,・・,・・,9:00,9:01,・・,・・,9:15,9:16
空港新城,発,・・,ﾚ,7:50,・・,ﾚ,・・,ﾚ,8:05,・・,ﾚ,・・,ﾚ,8:20,・・,ﾚ,・・,ﾚ,8:35,・・,ﾚ,・・,ﾚ,8:50,・・,・・,ﾚ,9:05,・・,・・,ﾚ,9:20
鷺島,発,・・,ﾚ,7:53,・・,ﾚ,・・,ﾚ,8:08,・・,ﾚ,・・,ﾚ,8:23,・・,ﾚ,・・,ﾚ,8:38,・・,ﾚ,・・,ﾚ,8:53,・・,・・,ﾚ,9:08,・・,・・,ﾚ,9:23
錦湖,発,・・,ﾚ,7:54,・・,ﾚ,・・,ﾚ,8:09,・・,ﾚ,・・,ﾚ,8:24,・・,ﾚ,・・,ﾚ,8:39,・・,ﾚ,・・,ﾚ,8:54,・・,・・,ﾚ,9:09,・・,・・,ﾚ,9:24
飛灣公園,着,・・,7:53,7:56,・・,8:02,・・,8:08,8:11,・・,8:17,・・,8:23,8:26,・・,8:32,・・,8:38,8:41,・・,8:47,・・,8:53,8:56,・・,・・,9:08,9:11,・・,・・,9:23,9:26
,発,7:50,7:54,7:57,8:00,8:03,8:05,8:09,8:12,8:15,8:18,8:20,8:24,8:27,8:30,8:33,8:35,8:39,8:42,8:45,8:48,8:50,8:54,8:57,9:00,9:05,9:09,9:12,9:15,9:20,9:24,9:27
飛灣大道,発,7:54,ﾚ,8:01,8:04,8:07,8:09,ﾚ,8:16,8:19,8:22,8:24,ﾚ,8:31,8:34,8:37,8:39,ﾚ,8:46,8:49,8:52,8:54,ﾚ,9:01,9:04,9:09,ﾚ,9:16,9:19,9:24,ﾚ,9:31
飛灣學區,発,7:56,ﾚ,8:03,8:06,8:09,8:11,ﾚ,8:18,8:21,8:24,8:26,ﾚ,8:33,8:36,8:39,8:41,ﾚ,8:48,8:51,8:54,8:56,ﾚ,9:03,9:06,9:11,ﾚ,9:18,9:21,9:26,ﾚ,9:33
科創園,発,8:02,ﾚ,8:05,8:08,8:11,8:17,ﾚ,8:20,8:23,8:26,8:32,ﾚ,8:35,8:38,8:41,8:47,ﾚ,8:50,8:53,8:56,9:02,ﾚ,9:05,9:08,9:15,ﾚ,9:20,9:23,9:30,ﾚ,9:35
飛灣新站,着,8:04,7:59,8:07,8:10,8:13,8:19,8:14,8:22,8:25,8:28,8:34,8:29,8:37,8:40,8:43,8:49,8:44,8:52,8:55,8:58,9:04,8:59,9:07,9:10,9:17,9:14,9:22,9:25,9:32,9:29,9:37
,発,8:05,8:00,8:08,8:11,8:16,8:20,8:15,8:23,8:26,8:31,8:35,8:30,8:38,8:41,8:46,8:50,8:45,8:53,8:56,9:01,9:05,9:00,9:08,9:11,9:18,9:15,9:23,9:26,9:33,9:30,9:38
文化中心,発,8:07,ﾚ,8:10,8:14,8:18,8:22,ﾚ,8:25,8:29,8:33,8:37,ﾚ,8:40,8:44,8:48,8:52,ﾚ,8:55,8:59,9:03,9:07,ﾚ,9:10,9:14,9:20,ﾚ,9:25,9:29,9:35,ﾚ,9:40
市民廣場,発,8:09,ﾚ,8:12,8:16,8:20,8:24,ﾚ,8:27,8:31,8:35,8:39,ﾚ,8:42,8:46,8:50,8:54,ﾚ,8:57,9:01,9:05,9:09,ﾚ,9:12,9:16,9:22,ﾚ,9:27,9:31,9:37,ﾚ,9:42
濱江商務區,発,8:11,ﾚ,8:14,8:18,8:22,8:26,ﾚ,8:29,8:33,8:37,8:41,ﾚ,8:44,8:48,8:52,8:56,ﾚ,8:59,9:03,9:07,9:11,ﾚ,9:14,9:18,9:24,ﾚ,9:29,9:33,9:39,ﾚ,9:44
飛灣郵輪港,着,8:16,8:08,8:19,8:22,8:27,8:31,8:23,8:34,8:37,8:42,8:46,8:38,8:49,8:52,8:57,9:01,8:53,9:04,9:07,9:12,9:16,9:08,9:19,9:22,9:29,9:23,9:34,9:37,9:44,9:38,9:49
発,,8:17,8:09,8:20,8:25,8:28,8:32,8:24,8:35,8:40,8:43,8:47,8:39,8:50,8:55,8:58,9:02,8:54,9:05,9:10,9:13,9:17,9:09,9:20,9:25,9:30,9:24,9:35,9:40,9:45,9:39,9:50
物流中心        発,,8:18,ﾚ,8:21,8:27,8:30,8:33,ﾚ,8:36,8:42,8:45,8:48,ﾚ,8:51,8:57,9:00,9:03,ﾚ,9:06,9:12,9:15,9:18,ﾚ,9:21,9:27,9:31,ﾚ,9:36,9:42,9:46,ﾚ,9:51
飛灣港           発,,8:20,ﾚ,8:23,8:29,8:33,8:35,ﾚ,8:38,8:44,8:48,8:50,ﾚ,8:53,8:59,9:03,9:05,ﾚ,9:08,9:14,9:18,9:20,ﾚ,9:23,9:29,9:33,ﾚ,9:38,9:44,9:48,ﾚ,9:53
飛灣車輛基地 発,,ﾚ,ﾚ,ﾚ,ﾚ,ﾚ,ﾚ,ﾚ,ﾚ,ﾚ,ﾚ,ﾚ,ﾚ,ﾚ,ﾚ,ﾚ,ﾚ,ﾚ,ﾚ,ﾚ,ﾚ,ﾚ,ﾚ,ﾚ,ﾚ,ﾚ,ﾚ,ﾚ,ﾚ,ﾚ,ﾚ,ﾚ
飛灣工業區    着,,8:26,8:16,8:29,8:34,8:38,8:41,8:31,8:44,8:49,8:53,8:56,8:46,8:59,9:04,9:08,9:11,9:01,9:14,9:19,9:23,9:26,9:16,9:29,9:34,9:39,9:31,9:44,9:49,9:54,9:46,9:59
"備
考",,,,,,,,,,,,,,,,,,,,,,,,,,,,,,,,
列車番号,,2024,3026,132,1034,2026,3028,134,1036,2028,3030,136,1038,2030,3032,138,1040,2032,3034,140,1042,2034,3036,142,1044,2036,3038,144,1046,2038,3040,146
運用番号,,C14,C17,E05,C02,C55,C19,E07,C05,C52,C20,E06,C07,C53,12/C51,E03,C8,C54,C10,E01,C01,C15,C14,E02,C18,C17,C55,E04,C16,C19,C52,E05
列車種別,,普通,普通,快速,普通,普通,普通,快速,普通,普通,普通,快速,普通,普通,普通,快速,普通,普通,普通,快速,普通,普通,普通,快速,普通,普通,普通,快速,普通,普通,普通,快速
列車名,,,,,,,,,,,,,,,,,,,,,,,,,,,,,,,,
全京車輛基地 発,,・・,・・,・・,・・,・・,・・,・・,・・,・・,・・,・・,・・,・・,・・,・・,・・,・・,・・,・・,・・,・・,・・,・・,・・,・・,・・,・・,・・,・・,・・,・・
"全京大道        着
発",,"・・
・・","・・
・・","・・
・・","・・
9:06","・・
・・","・・
・・","・・
・・","・・
9:21","・・
・・","・・
・・","・・
・・","・・
9:36","・・
・・","・・
・・","・・
・・","・・
9:51","・・
・・","・・
・・","・・
・・","・・
10:06","・・
・・","・・
・・","・・
・・","・・
10:21","・・
・・","・・
・・","・・
・・","・・
10:36","・・
・・","・・
・・","・・
・・"
綾路北站        発,,----,----,9:18,9:09,----,----,9:33,9:24,----,----,9:48,9:39,----,----,10:03,9:54,----,----,10:18,10:09,----,----,10:33,10:24,----,----,10:48,10:39,----,----,11:03
自然保育中心 発,,・・,・・,ﾚ,9:11,・・,・・,ﾚ,9:26,・・,・・,ﾚ,9:41,・・,・・,ﾚ,9:56,・・,・・,ﾚ,10:11,・・,・・,ﾚ,10:26,・・,・・,ﾚ,10:41,・・,・・,ﾚ
御景新村        発,,・・,・・,ﾚ,9:13,・・,・・,ﾚ,9:28,・・,・・,ﾚ,9:43,・・,・・,ﾚ,9:58,・・,・・,ﾚ,10:13,・・,・・,ﾚ,10:28,・・,・・,ﾚ,10:43,・・,・・,ﾚ
紫荊苑           発,,・・,・・,ﾚ,9:19,・・,・・,ﾚ,9:34,・・,・・,ﾚ,9:49,・・,・・,ﾚ,10:04,・・,・・,ﾚ,10:19,・・,・・,ﾚ,10:34,・・,・・,ﾚ,10:49,・・,・・,ﾚ
翡翠花園        発,,・・,・・,ﾚ,9:22,・・,・・,ﾚ,9:37,・・,・・,ﾚ,9:52,・・,・・,ﾚ,10:07,・・,・・,ﾚ,10:22,・・,・・,ﾚ,10:37,・・,・・,ﾚ,10:52,・・,・・,ﾚ
飛灣機場        着,,・・,・・,9:28,9:28,・・,・・,9:43,9:43,・・,・・,9:58,9:58,・・,・・,10:13,10:13,・・,・・,10:28,10:28,・・,・・,10:43,10:43,・・,・・,10:58,10:58,・・,・・,11:13
,発,・・,・・,9:30,9:31,・・,・・,9:45,9:46,・・,・・,10:00,10:01,・・,・・,10:15,10:16,・・,・・,10:30,10:31,・・,・・,10:45,10:46,・・,・・,11:00,11:01,・・,・・,11:15
空港新城,発,・・,・・,ﾚ,9:35,・・,・・,ﾚ,9:50,・・,・・,ﾚ,10:05,・・,・・,ﾚ,10:20,・・,・・,ﾚ,10:35,・・,・・,ﾚ,10:50,・・,・・,ﾚ,11:05,・・,・・,ﾚ
鷺島,発,・・,・・,ﾚ,9:38,・・,・・,ﾚ,9:53,・・,・・,ﾚ,10:08,・・,・・,ﾚ,10:23,・・,・・,ﾚ,10:38,・・,・・,ﾚ,10:53,・・,・・,ﾚ,11:08,・・,・・,ﾚ
錦湖,発,・・,・・,ﾚ,9:39,・・,・・,ﾚ,9:54,・・,・・,ﾚ,10:09,・・,・・,ﾚ,10:24,・・,・・,ﾚ,10:39,・・,・・,ﾚ,10:54,・・,・・,ﾚ,11:09,・・,・・,ﾚ
飛灣公園,着,・・,・・,9:38,9:41,・・,・・,9:53,9:56,・・,・・,10:08,10:11,・・,・・,10:23,10:26,・・,・・,10:38,10:41,・・,・・,10:53,10:56,・・,・・,11:08,11:11,・・,・・,11:23
,発,9:30,9:35,9:39,9:42,9:45,9:50,9:54,9:57,10:00,10:05,10:09,10:12,10:15,10:20,10:24,10:27,10:30,10:35,10:39,10:42,10:45,10:50,10:54,10:57,11:00,11:05,11:09,11:12,11:15,11:20,11:24
飛灣大道,発,9:34,9:39,ﾚ,9:46,9:49,9:54,ﾚ,10:01,10:04,10:09,ﾚ,10:16,10:19,10:24,ﾚ,10:31,10:34,10:39,ﾚ,10:46,10:49,10:54,ﾚ,11:01,11:04,11:09,ﾚ,11:16,11:19,11:24,ﾚ
飛灣學區,発,9:36,9:41,ﾚ,9:48,9:51,9:56,ﾚ,10:03,10:06,10:11,ﾚ,10:18,10:21,10:26,ﾚ,10:33,10:36,10:41,ﾚ,10:48,10:51,10:56,ﾚ,11:03,11:06,11:11,ﾚ,11:18,11:21,11:26,ﾚ
科創園,発,9:38,9:45,ﾚ,9:50,9:53,10:00,ﾚ,10:05,10:08,10:15,ﾚ,10:20,10:23,10:30,ﾚ,10:35,10:38,10:45,ﾚ,10:50,10:53,11:00,ﾚ,11:05,11:08,11:15,ﾚ,11:20,11:23,11:30,ﾚ
飛灣新站,着,9:40,9:47,9:44,9:52,9:55,10:02,9:59,10:07,10:10,10:17,10:14,10:22,10:25,10:32,10:29,10:37,10:40,10:47,10:44,10:52,10:55,11:02,10:59,11:07,11:10,11:17,11:14,11:22,11:25,11:32,11:29
,発,9:41,9:48,9:45,9:53,9:56,10:03,10:00,10:08,10:11,10:18,10:15,10:23,10:26,10:33,10:30,10:38,10:41,10:48,10:45,10:53,10:56,11:03,11:00,11:08,11:11,11:18,11:15,11:23,11:26,11:33,11:30
文化中心,発,9:44,9:50,ﾚ,9:55,9:59,10:05,ﾚ,10:10,10:14,10:20,ﾚ,10:25,10:29,10:35,ﾚ,10:40,10:44,10:50,ﾚ,10:55,10:59,11:05,ﾚ,11:10,11:14,11:20,ﾚ,11:25,11:29,11:35,ﾚ
市民廣場,発,9:46,9:52,ﾚ,9:57,10:01,10:07,ﾚ,10:12,10:16,10:22,ﾚ,10:27,10:31,10:37,ﾚ,10:42,10:46,10:52,ﾚ,10:57,11:01,11:07,ﾚ,11:12,11:16,11:22,ﾚ,11:27,11:31,11:37,ﾚ
濱江商務區,発,9:48,9:54,ﾚ,9:59,10:03,10:09,ﾚ,10:14,10:18,10:24,ﾚ,10:29,10:33,10:39,ﾚ,10:44,10:48,10:54,ﾚ,10:59,11:03,11:09,ﾚ,11:14,11:18,11:24,ﾚ,11:29,11:33,11:39,ﾚ
飛灣郵輪港,着,9:52,9:59,9:53,10:04,10:07,10:14,10:08,10:19,10:22,10:29,10:23,10:34,10:37,10:44,10:38,10:49,10:52,10:59,10:53,11:04,11:07,11:14,11:08,11:19,11:22,11:29,11:23,11:34,11:37,11:44,11:38
発,,9:55,10:00,9:54,10:05,10:10,10:15,10:09,10:20,10:25,10:30,10:24,10:35,10:40,10:45,10:39,10:50,10:55,11:00,10:54,11:05,11:10,11:15,11:09,11:20,11:25,11:30,11:24,11:35,11:40,11:45,11:39
物流中心        発,,9:57,10:01,ﾚ,10:06,10:12,10:16,ﾚ,10:21,10:27,10:31,ﾚ,10:36,10:42,10:46,ﾚ,10:51,10:57,11:01,ﾚ,11:06,11:12,11:16,ﾚ,11:21,11:27,11:31,ﾚ,11:36,11:42,11:46,ﾚ
飛灣港           発,,9:59,10:03,ﾚ,10:08,10:14,10:18,ﾚ,10:23,10:29,10:33,ﾚ,10:38,10:44,10:48,ﾚ,10:53,10:59,11:03,ﾚ,11:08,11:14,11:18,ﾚ,11:23,11:29,11:33,ﾚ,11:38,11:44,11:48,ﾚ
飛灣車輛基地 発,,ﾚ,ﾚ,ﾚ,ﾚ,ﾚ,ﾚ,ﾚ,ﾚ,ﾚ,ﾚ,ﾚ,ﾚ,ﾚ,ﾚ,ﾚ,ﾚ,ﾚ,ﾚ,ﾚ,ﾚ,ﾚ,ﾚ,ﾚ,ﾚ,ﾚ,ﾚ,ﾚ,ﾚ,ﾚ,ﾚ,ﾚ
飛灣工業區    着,,10:04,10:09,10:01,10:14,10:19,10:24,10:16,10:29,10:34,10:39,10:31,10:44,10:49,10:54,10:46,10:59,11:04,11:09,11:01,11:14,11:19,11:24,11:16,11:29,11:34,11:39,11:31,11:44,11:49,11:54,11:46
"備
考",,,,,,,,,,,,,,,,,,,,,,,,,,,,,,,,
列車番号,,1048,2040,3042,148,1050,2042,3044,150,1052,2044,3046,152,1054,2046,3048,154,1056,2048,3050,156,1058,2050,3052,158,1060,2052,3054,160,1062,2054,3056
運用番号,,C13,C20,C53,E07,C09,12/C51,C54,E06,C21,C10,C15,E03,C22,C14,C17,E01,C02,C55,C19,E02,C05,C52,C20,E04,C07,C53,12/C51,E05,C8,C54,C10
列車種別,,普通,普通,普通,快速,普通,普通,普通,快速,普通,普通,普通,快速,普通,普通,普通,快速,普通,普通,普通,快速,普通,普通,普通,快速,普通,普通,普通,快速,普通,普通,普通
列車名,,,,,,,,,,,,,,,,,,,,,,,,,,,,,,,,
全京車輛基地 発,,・・,・・,・・,・・,・・,・・,・・,・・,・・,・・,・・,・・,・・,・・,・・,・・,・・,・・,・・,・・,・・,・・,・・,・・,・・,・・,・・,・・,・・,・・,・・
"全京大道        着
発",,"・・
10:51","・・
・・","・・
・・","・・
・・","・・
11:06","・・
・・","・・
・・","・・
・・","・・
11:21","・・
・・","・・
・・","・・
・・","・・
11:36","・・
・・","・・
・・","・・
・・","・・
11:51","・・
・・","・・
・・","・・
・・","・・
12:06","・・
・・","・・
・・","・・
・・","・・
12:21","・・
・・","・・
・・","・・
・・","・・
12:36","・・
・・","・・
・・"
綾路北站        発,,10:54,----,----,11:18,11:09,----,----,11:33,11:24,----,----,11:48,11:39,----,----,12:03,11:54,----,----,12:18,12:09,----,----,12:33,12:24,----,----,12:48,12:39,----,----
自然保育中心 発,,10:56,・・,・・,ﾚ,11:11,・・,・・,ﾚ,11:26,・・,・・,ﾚ,11:41,・・,・・,ﾚ,11:56,・・,・・,ﾚ,12:11,・・,・・,ﾚ,12:26,・・,・・,ﾚ,12:41,・・,・・
御景新村        発,,10:58,・・,・・,ﾚ,11:13,・・,・・,ﾚ,11:28,・・,・・,ﾚ,11:43,・・,・・,ﾚ,11:58,・・,・・,ﾚ,12:13,・・,・・,ﾚ,12:28,・・,・・,ﾚ,12:43,・・,・・
紫荊苑           発,,11:04,・・,・・,ﾚ,11:19,・・,・・,ﾚ,11:34,・・,・・,ﾚ,11:49,・・,・・,ﾚ,12:04,・・,・・,ﾚ,12:19,・・,・・,ﾚ,12:34,・・,・・,ﾚ,12:49,・・,・・
翡翠花園        発,,11:07,・・,・・,ﾚ,11:22,・・,・・,ﾚ,11:37,・・,・・,ﾚ,11:52,・・,・・,ﾚ,12:07,・・,・・,ﾚ,12:22,・・,・・,ﾚ,12:37,・・,・・,ﾚ,12:52,・・,・・
飛灣機場        着,,11:13,・・,・・,11:28,11:28,・・,・・,11:43,11:43,・・,・・,11:58,11:58,・・,・・,12:13,12:13,・・,・・,12:28,12:28,・・,・・,12:43,12:43,・・,・・,12:58,12:58,・・,・・
,発,11:16,・・,・・,11:30,11:31,・・,・・,11:45,11:46,・・,・・,12:00,12:01,・・,・・,12:15,12:16,・・,・・,12:30,12:31,・・,・・,12:45,12:46,・・,・・,13:00,13:01,・・,・・
空港新城,発,11:20,・・,・・,ﾚ,11:35,・・,・・,ﾚ,11:50,・・,・・,ﾚ,12:05,・・,・・,ﾚ,12:20,・・,・・,ﾚ,12:35,・・,・・,ﾚ,12:50,・・,・・,ﾚ,13:05,・・,・・
鷺島,発,11:23,・・,・・,ﾚ,11:38,・・,・・,ﾚ,11:53,・・,・・,ﾚ,12:08,・・,・・,ﾚ,12:23,・・,・・,ﾚ,12:38,・・,・・,ﾚ,12:53,・・,・・,ﾚ,13:08,・・,・・
錦湖,発,11:24,・・,・・,ﾚ,11:39,・・,・・,ﾚ,11:54,・・,・・,ﾚ,12:09,・・,・・,ﾚ,12:24,・・,・・,ﾚ,12:39,・・,・・,ﾚ,12:54,・・,・・,ﾚ,13:09,・・,・・
飛灣公園,着,11:26,・・,・・,11:38,11:41,・・,・・,11:53,11:56,・・,・・,12:08,12:11,・・,・・,12:23,12:26,・・,・・,12:38,12:41,・・,・・,12:53,12:56,・・,・・,13:08,13:11,・・,・・
,発,11:27,11:30,11:35,11:39,11:42,11:45,11:50,11:54,11:57,12:00,12:05,12:09,12:12,12:15,12:20,12:24,12:27,12:30,12:35,12:39,12:42,12:45,12:50,12:54,12:57,13:00,13:05,13:09,13:12,13:15,13:20
飛灣大道,発,11:31,11:34,11:39,ﾚ,11:46,11:49,11:54,ﾚ,12:01,12:04,12:09,ﾚ,12:16,12:19,12:24,ﾚ,12:31,12:34,12:39,ﾚ,12:46,12:49,12:54,ﾚ,13:01,13:04,13:09,ﾚ,13:16,13:19,13:24
飛灣學區,発,11:33,11:36,11:41,ﾚ,11:48,11:51,11:56,ﾚ,12:03,12:06,12:11,ﾚ,12:18,12:21,12:26,ﾚ,12:33,12:36,12:41,ﾚ,12:48,12:51,12:56,ﾚ,13:03,13:06,13:11,ﾚ,13:18,13:21,13:26
科創園,発,11:35,11:38,11:45,ﾚ,11:50,11:53,12:00,ﾚ,12:05,12:08,12:15,ﾚ,12:20,12:23,12:30,ﾚ,12:35,12:38,12:45,ﾚ,12:50,12:53,13:00,ﾚ,13:05,13:08,13:15,ﾚ,13:20,13:23,13:30
飛灣新站,着,11:37,11:40,11:47,11:44,11:52,11:55,12:02,11:59,12:07,12:10,12:17,12:14,12:22,12:25,12:32,12:29,12:37,12:40,12:47,12:44,12:52,12:55,13:02,12:59,13:07,13:10,13:17,13:14,13:22,13:25,13:32
,発,11:38,11:41,11:48,11:45,11:53,11:56,12:03,12:00,12:08,12:11,12:18,12:15,12:23,12:26,12:33,12:30,12:38,12:41,12:48,12:45,12:53,12:56,13:03,13:00,13:08,13:11,13:18,13:15,13:23,13:26,13:33
文化中心,発,11:40,11:44,11:50,ﾚ,11:55,11:59,12:05,ﾚ,12:10,12:14,12:20,ﾚ,12:25,12:29,12:35,ﾚ,12:40,12:44,12:50,ﾚ,12:55,12:59,13:05,ﾚ,13:10,13:14,13:20,ﾚ,13:25,13:29,13:35
市民廣場,発,11:42,11:46,11:52,ﾚ,11:57,12:01,12:07,ﾚ,12:12,12:16,12:22,ﾚ,12:27,12:31,12:37,ﾚ,12:42,12:46,12:52,ﾚ,12:57,13:01,13:07,ﾚ,13:12,13:16,13:22,ﾚ,13:27,13:31,13:37
濱江商務區,発,11:44,11:48,11:54,ﾚ,11:59,12:03,12:09,ﾚ,12:14,12:18,12:24,ﾚ,12:29,12:33,12:39,ﾚ,12:44,12:48,12:54,ﾚ,12:59,13:03,13:09,ﾚ,13:14,13:18,13:24,ﾚ,13:29,13:33,13:39
飛灣郵輪港,着,11:49,11:52,11:59,11:53,12:04,12:07,12:14,12:08,12:19,12:22,12:29,12:23,12:34,12:37,12:44,12:38,12:49,12:52,12:59,12:53,13:04,13:07,13:14,13:08,13:19,13:22,13:29,13:23,13:34,13:37,13:44
発,,11:50,11:55,12:00,11:54,12:05,12:10,12:15,12:09,12:20,12:25,12:30,12:24,12:35,12:40,12:45,12:39,12:50,12:55,13:00,12:54,13:05,13:10,13:15,13:09,13:20,13:25,13:30,13:24,13:35,13:40,13:45
物流中心        発,,11:51,11:57,12:01,ﾚ,12:06,12:12,12:16,ﾚ,12:21,12:27,12:31,ﾚ,12:36,12:42,12:46,ﾚ,12:51,12:57,13:01,ﾚ,13:06,13:12,13:16,ﾚ,13:21,13:27,13:31,ﾚ,13:36,13:42,13:46
飛灣港           発,,11:53,11:59,12:03,ﾚ,12:08,12:14,12:18,ﾚ,12:23,12:29,12:33,ﾚ,12:38,12:44,12:48,ﾚ,12:53,12:59,13:03,ﾚ,13:08,13:14,13:18,ﾚ,13:23,13:29,13:33,ﾚ,13:38,13:44,13:48
飛灣車輛基地 発,,ﾚ,ﾚ,ﾚ,ﾚ,ﾚ,ﾚ,ﾚ,ﾚ,ﾚ,ﾚ,ﾚ,ﾚ,ﾚ,ﾚ,ﾚ,ﾚ,ﾚ,ﾚ,ﾚ,ﾚ,ﾚ,ﾚ,ﾚ,ﾚ,ﾚ,ﾚ,ﾚ,ﾚ,ﾚ,ﾚ,ﾚ
飛灣工業區    着,,11:59,12:04,12:09,12:01,12:14,12:19,12:24,12:16,12:29,12:34,12:39,12:31,12:44,12:49,12:54,12:46,12:59,13:04,13:09,13:01,13:14,13:19,13:24,13:16,13:29,13:34,13:39,13:31,13:44,13:49,13:54
"備
考",,,,,,,,,,,,,,,,,,,,,,,,,,,,,,,,
列車番号,,162,1064,2056,3058,164,1066,2058,3060,166,1068,2060,3062,168,1070,2062,3064,170,1072,2064,3066,172,1074,2066,3068,174,1076,2068,3070,176,1078,2070
運用番号,,E07,C01,C15,C14,E06,C18,C17,C55,E03,C16,C19,C52,E01,C13,C20,C53,E02,C09,12/C51,C54,E04,C21,C10,C15,E05,C22,C14,C17,E07,C02,C55
列車種別,,快速,普通,普通,普通,快速,普通,普通,普通,快速,普通,普通,普通,快速,普通,普通,普通,快速,普通,普通,普通,快速,普通,普通,普通,快速,普通,普通,普通,快速,普通,普通
列車名,,,,,,,,,,,,,,,,,,,,,,,,,,,,,,,,
全京車輛基地 発,,・・,・・,・・,・・,・・,・・,・・,・・,・・,・・,・・,・・,・・,・・,・・,・・,・・,・・,・・,・・,・・,・・,・・,・・,・・,・・,・・,・・,・・,・・,・・
"全京大道        着
発",,"・・
・・","・・
12:51","・・
・・","・・
・・","・・
・・","・・
13:06","・・
・・","・・
・・","・・
・・","・・
13:21","・・
・・","・・
・・","・・
・・","・・
13:36","・・
・・","・・
・・","・・
・・","・・
13:51","・・
・・","・・
・・","・・
・・","・・
14:06","・・
・・","・・
・・","・・
・・","・・
14:21","・・
・・","・・
・・","・・
・・","・・
14:36","・・
・・"
綾路北站        発,,13:03,12:54,----,----,13:18,13:09,----,----,13:33,13:24,----,----,13:48,13:39,----,----,14:03,13:54,----,----,14:18,14:09,----,----,14:33,14:24,----,----,14:48,14:39,----
自然保育中心 発,,ﾚ,12:56,・・,・・,ﾚ,13:11,・・,・・,ﾚ,13:26,・・,・・,ﾚ,13:41,・・,・・,ﾚ,13:56,・・,・・,ﾚ,14:11,・・,・・,ﾚ,14:26,・・,・・,ﾚ,14:41,・・
御景新村        発,,ﾚ,12:58,・・,・・,ﾚ,13:13,・・,・・,ﾚ,13:28,・・,・・,ﾚ,13:43,・・,・・,ﾚ,13:58,・・,・・,ﾚ,14:13,・・,・・,ﾚ,14:28,・・,・・,ﾚ,14:43,・・
紫荊苑           発,,ﾚ,13:04,・・,・・,ﾚ,13:19,・・,・・,ﾚ,13:34,・・,・・,ﾚ,13:49,・・,・・,ﾚ,14:04,・・,・・,ﾚ,14:19,・・,・・,ﾚ,14:34,・・,・・,ﾚ,14:49,・・
翡翠花園        発,,ﾚ,13:07,・・,・・,ﾚ,13:22,・・,・・,ﾚ,13:37,・・,・・,ﾚ,13:52,・・,・・,ﾚ,14:07,・・,・・,ﾚ,14:22,・・,・・,ﾚ,14:37,・・,・・,ﾚ,14:52,・・
飛灣機場        着,,13:13,13:13,・・,・・,13:28,13:28,・・,・・,13:43,13:43,・・,・・,13:58,13:58,・・,・・,14:13,14:13,・・,・・,14:28,14:28,・・,・・,14:43,14:43,・・,・・,14:58,14:58,・・
,発,13:15,13:16,・・,・・,13:30,13:31,・・,・・,13:45,13:46,・・,・・,14:00,14:01,・・,・・,14:15,14:16,・・,・・,14:30,14:31,・・,・・,14:45,14:46,・・,・・,15:00,15:01,・・
空港新城,発,ﾚ,13:20,・・,・・,ﾚ,13:35,・・,・・,ﾚ,13:50,・・,・・,ﾚ,14:05,・・,・・,ﾚ,14:20,・・,・・,ﾚ,14:35,・・,・・,ﾚ,14:50,・・,・・,ﾚ,15:05,・・
鷺島,発,ﾚ,13:23,・・,・・,ﾚ,13:38,・・,・・,ﾚ,13:53,・・,・・,ﾚ,14:08,・・,・・,ﾚ,14:23,・・,・・,ﾚ,14:38,・・,・・,ﾚ,14:53,・・,・・,ﾚ,15:08,・・
錦湖,発,ﾚ,13:24,・・,・・,ﾚ,13:39,・・,・・,ﾚ,13:54,・・,・・,ﾚ,14:09,・・,・・,ﾚ,14:24,・・,・・,ﾚ,14:39,・・,・・,ﾚ,14:54,・・,・・,ﾚ,15:09,・・
飛灣公園,着,13:23,13:26,・・,・・,13:38,13:41,・・,・・,13:53,13:56,・・,・・,14:08,14:11,・・,・・,14:23,14:26,・・,・・,14:38,14:41,・・,・・,14:53,14:56,・・,・・,15:08,15:11,・・
,発,13:24,13:27,13:30,13:35,13:39,13:42,13:45,13:50,13:54,13:57,14:00,14:05,14:09,14:12,14:15,14:20,14:24,14:27,14:30,14:35,14:39,14:42,14:45,14:50,14:54,14:57,15:00,15:05,15:09,15:12,15:15
飛灣大道,発,ﾚ,13:31,13:34,13:39,ﾚ,13:46,13:49,13:54,ﾚ,14:01,14:04,14:09,ﾚ,14:16,14:19,14:24,ﾚ,14:31,14:34,14:39,ﾚ,14:46,14:49,14:54,ﾚ,15:01,15:04,15:09,ﾚ,15:16,15:19
飛灣學區,発,ﾚ,13:33,13:36,13:41,ﾚ,13:48,13:51,13:56,ﾚ,14:03,14:06,14:11,ﾚ,14:18,14:21,14:26,ﾚ,14:33,14:36,14:41,ﾚ,14:48,14:51,14:56,ﾚ,15:03,15:06,15:11,ﾚ,15:18,15:21
科創園,発,ﾚ,13:35,13:38,13:45,ﾚ,13:50,13:53,14:00,ﾚ,14:05,14:08,14:15,ﾚ,14:20,14:23,14:30,ﾚ,14:35,14:38,14:45,ﾚ,14:50,14:53,15:00,ﾚ,15:05,15:08,15:15,ﾚ,15:20,15:23
飛灣新站,着,13:29,13:37,13:40,13:47,13:44,13:52,13:55,14:02,13:59,14:07,14:10,14:17,14:14,14:22,14:25,14:32,14:29,14:37,14:40,14:47,14:44,14:52,14:55,15:02,14:59,15:07,15:10,15:17,15:14,15:22,15:25
,発,13:30,13:38,13:41,13:48,13:45,13:53,13:56,14:03,14:00,14:08,14:11,14:18,14:15,14:23,14:26,14:33,14:30,14:38,14:41,14:48,14:45,14:53,14:56,15:03,15:00,15:08,15:11,15:18,15:15,15:23,15:26
文化中心,発,ﾚ,13:40,13:44,13:50,ﾚ,13:55,13:59,14:05,ﾚ,14:10,14:14,14:20,ﾚ,14:25,14:29,14:35,ﾚ,14:40,14:44,14:50,ﾚ,14:55,14:59,15:05,ﾚ,15:10,15:14,15:20,ﾚ,15:25,15:29
市民廣場,発,ﾚ,13:42,13:46,13:52,ﾚ,13:57,14:01,14:07,ﾚ,14:12,14:16,14:22,ﾚ,14:27,14:31,14:37,ﾚ,14:42,14:46,14:52,ﾚ,14:57,15:01,15:07,ﾚ,15:12,15:16,15:22,ﾚ,15:27,15:31
濱江商務區,発,ﾚ,13:44,13:48,13:54,ﾚ,13:59,14:03,14:09,ﾚ,14:14,14:18,14:24,ﾚ,14:29,14:33,14:39,ﾚ,14:44,14:48,14:54,ﾚ,14:59,15:03,15:09,ﾚ,15:14,15:18,15:24,ﾚ,15:29,15:33
飛灣郵輪港,着,13:38,13:49,13:52,13:59,13:53,14:04,14:07,14:14,14:08,14:19,14:22,14:29,14:23,14:34,14:37,14:44,14:38,14:49,14:52,14:59,14:53,15:04,15:07,15:14,15:08,15:19,15:22,15:29,15:23,15:34,15:37
発,,13:39,13:50,13:55,14:00,13:54,14:05,14:10,14:15,14:09,14:20,14:25,14:30,14:24,14:35,14:40,14:45,14:39,14:50,14:55,15:00,14:54,15:05,15:10,15:15,15:09,15:20,15:25,15:30,15:24,15:35,15:40
物流中心        発,,ﾚ,13:51,13:57,14:01,ﾚ,14:06,14:12,14:16,ﾚ,14:21,14:27,14:31,ﾚ,14:36,14:42,14:46,ﾚ,14:51,14:57,15:01,ﾚ,15:06,15:12,15:16,ﾚ,15:21,15:27,15:31,ﾚ,15:36,15:42
飛灣港           発,,ﾚ,13:53,13:59,14:03,ﾚ,14:08,14:14,14:18,ﾚ,14:23,14:29,14:33,ﾚ,14:38,14:44,14:48,ﾚ,14:53,14:59,15:03,ﾚ,15:08,15:14,15:18,ﾚ,15:23,15:29,15:33,ﾚ,15:38,15:44
飛灣車輛基地 発,,ﾚ,ﾚ,ﾚ,ﾚ,ﾚ,ﾚ,ﾚ,ﾚ,ﾚ,ﾚ,ﾚ,ﾚ,ﾚ,ﾚ,ﾚ,ﾚ,ﾚ,ﾚ,ﾚ,ﾚ,ﾚ,ﾚ,ﾚ,ﾚ,ﾚ,ﾚ,ﾚ,ﾚ,ﾚ,ﾚ,ﾚ
飛灣工業區    着,,13:46,13:59,14:04,14:09,14:01,14:14,14:19,14:24,14:16,14:29,14:34,14:39,14:31,14:44,14:49,14:54,14:46,14:59,15:04,15:09,15:01,15:14,15:19,15:24,15:16,15:29,15:34,15:39,15:31,15:44,15:49
"備
考",,,,,,,,,,,,,,,,,,,,,,,,,,,,,,,,
列車番号,,3072,178,1080,2072,3074,180,1082,2074,3076,182,1084,2076,3078,184,1086,2078,3080,186,1088,2080,3082,188,1090,2082,3084,190,1092,2084,3086,192,1094
運用番号,,C19,E06,C05,C52,C20,E03,C07,C53,12/C51,E01,C8,C54,C10,E02,C01,C15,C14,E04,C18,C17,C55,E05,C16,C19,C52,E07,C13,C20,C53,E06,C09
列車種別,,普通,快速,普通,普通,普通,快速,普通,普通,普通,快速,普通,普通,普通,快速,普通,普通,普通,快速,普通,普通,普通,快速,普通,普通,普通,快速,普通,普通,普通,快速,普通
列車名,,,,,,,,,,,,,,,,,,,,,,,,,,,,,,,,
全京車輛基地 発,,・・,・・,・・,・・,・・,・・,・・,・・,・・,・・,・・,・・,・・,・・,・・,・・,・・,・・,・・,・・,・・,・・,・・,・・,・・,・・,・・,・・,・・,・・,・・
"全京大道        着
発",,"・・
・・","・・
・・","・・
14:51","・・
・・","・・
・・","・・
・・","・・
15:06","・・
・・","・・
・・","・・
・・","・・
15:21","・・
・・","・・
・・","・・
・・","・・
15:36","・・
・・","・・
・・","・・
・・","・・
15:51","・・
・・","・・
・・","・・
・・","・・
16:06","・・
・・","・・
・・","・・
・・","・・
16:21","・・
・・","・・
・・","・・
・・","・・
16:36"
綾路北站        発,,----,15:03,14:54,----,----,15:18,15:09,----,----,15:33,15:24,----,----,15:48,15:39,----,----,16:03,15:54,----,----,16:18,16:09,----,----,16:33,16:24,----,----,16:48,16:39
自然保育中心 発,,・・,ﾚ,14:56,・・,・・,ﾚ,15:11,・・,・・,ﾚ,15:26,・・,・・,ﾚ,15:41,・・,・・,ﾚ,15:56,・・,・・,ﾚ,16:11,・・,・・,ﾚ,16:26,・・,・・,ﾚ,16:41
御景新村        発,,・・,ﾚ,14:58,・・,・・,ﾚ,15:13,・・,・・,ﾚ,15:28,・・,・・,ﾚ,15:43,・・,・・,ﾚ,15:58,・・,・・,ﾚ,16:13,・・,・・,ﾚ,16:28,・・,・・,ﾚ,16:43
紫荊苑           発,,・・,ﾚ,15:04,・・,・・,ﾚ,15:19,・・,・・,ﾚ,15:34,・・,・・,ﾚ,15:49,・・,・・,ﾚ,16:04,・・,・・,ﾚ,16:19,・・,・・,ﾚ,16:34,・・,・・,ﾚ,16:49
翡翠花園        発,,・・,ﾚ,15:07,・・,・・,ﾚ,15:22,・・,・・,ﾚ,15:37,・・,・・,ﾚ,15:52,・・,・・,ﾚ,16:07,・・,・・,ﾚ,16:22,・・,・・,ﾚ,16:37,・・,・・,ﾚ,16:52
飛灣機場        着,,・・,15:13,15:13,・・,・・,15:28,15:28,・・,・・,15:43,15:43,・・,・・,15:58,15:58,・・,・・,16:13,16:13,・・,・・,16:28,16:28,・・,・・,16:43,16:43,・・,・・,16:58,16:58
,発,・・,15:15,15:16,・・,・・,15:30,15:31,・・,・・,15:45,15:46,・・,・・,16:00,16:01,・・,・・,16:15,16:16,・・,・・,16:30,16:31,・・,・・,16:45,16:46,・・,・・,17:00,17:01
空港新城,発,・・,ﾚ,15:20,・・,・・,ﾚ,15:35,・・,・・,ﾚ,15:50,・・,・・,ﾚ,16:05,・・,・・,ﾚ,16:20,・・,・・,ﾚ,16:35,・・,・・,ﾚ,16:50,・・,・・,ﾚ,17:05
鷺島,発,・・,ﾚ,15:23,・・,・・,ﾚ,15:38,・・,・・,ﾚ,15:53,・・,・・,ﾚ,16:08,・・,・・,ﾚ,16:23,・・,・・,ﾚ,16:38,・・,・・,ﾚ,16:53,・・,・・,ﾚ,17:08
錦湖,発,・・,ﾚ,15:24,・・,・・,ﾚ,15:39,・・,・・,ﾚ,15:54,・・,・・,ﾚ,16:09,・・,・・,ﾚ,16:24,・・,・・,ﾚ,16:39,・・,・・,ﾚ,16:54,・・,・・,ﾚ,17:09
飛灣公園,着,・・,15:23,15:26,・・,・・,15:38,15:41,・・,・・,15:53,15:56,・・,・・,16:08,16:11,・・,・・,16:23,16:26,・・,・・,16:38,16:41,・・,・・,16:53,16:56,・・,・・,17:08,17:11
,発,15:20,15:24,15:27,15:30,15:35,15:39,15:42,15:45,15:50,15:54,15:57,16:00,16:05,16:09,16:12,16:15,16:20,16:24,16:27,16:30,16:35,16:39,16:42,16:45,16:50,16:54,16:57,17:00,17:05,17:09,17:12
飛灣大道,発,15:24,ﾚ,15:31,15:34,15:39,ﾚ,15:46,15:49,15:54,ﾚ,16:01,16:04,16:09,ﾚ,16:16,16:19,16:24,ﾚ,16:31,16:34,16:39,ﾚ,16:46,16:49,16:54,ﾚ,17:01,17:04,17:09,ﾚ,17:16
飛灣學區,発,15:26,ﾚ,15:33,15:36,15:41,ﾚ,15:48,15:51,15:56,ﾚ,16:03,16:06,16:11,ﾚ,16:18,16:21,16:26,ﾚ,16:33,16:36,16:41,ﾚ,16:48,16:51,16:56,ﾚ,17:03,17:06,17:11,ﾚ,17:18
科創園,発,15:30,ﾚ,15:35,15:38,15:45,ﾚ,15:50,15:53,16:00,ﾚ,16:05,16:08,16:15,ﾚ,16:20,16:23,16:30,ﾚ,16:35,16:38,16:45,ﾚ,16:50,16:53,17:00,ﾚ,17:05,17:08,17:15,ﾚ,17:20
飛灣新站,着,15:32,15:29,15:37,15:40,15:47,15:44,15:52,15:55,16:02,15:59,16:07,16:10,16:17,16:14,16:22,16:25,16:32,16:29,16:37,16:40,16:47,16:44,16:52,16:55,17:02,16:59,17:07,17:10,17:17,17:14,17:22
,発,15:33,15:30,15:38,15:41,15:48,15:45,15:53,15:56,16:03,16:00,16:08,16:11,16:18,16:15,16:23,16:26,16:33,16:30,16:38,16:41,16:48,16:45,16:53,16:56,17:03,17:00,17:08,17:11,17:18,17:15,17:23
文化中心,発,15:35,ﾚ,15:40,15:44,15:50,ﾚ,15:55,15:59,16:05,ﾚ,16:10,16:14,16:20,ﾚ,16:25,16:29,16:35,ﾚ,16:40,16:44,16:50,ﾚ,16:55,16:59,17:05,ﾚ,17:10,17:14,17:20,ﾚ,17:25
市民廣場,発,15:37,ﾚ,15:42,15:46,15:52,ﾚ,15:57,16:01,16:07,ﾚ,16:12,16:16,16:22,ﾚ,16:27,16:31,16:37,ﾚ,16:42,16:46,16:52,ﾚ,16:57,17:01,17:07,ﾚ,17:12,17:16,17:22,ﾚ,17:27
濱江商務區,発,15:39,ﾚ,15:44,15:48,15:54,ﾚ,15:59,16:03,16:09,ﾚ,16:14,16:18,16:24,ﾚ,16:29,16:33,16:39,ﾚ,16:44,16:48,16:54,ﾚ,16:59,17:03,17:09,ﾚ,17:14,17:18,17:24,ﾚ,17:29
飛灣郵輪港,着,15:44,15:38,15:49,15:52,15:59,15:53,16:04,16:07,16:14,16:08,16:19,16:22,16:29,16:23,16:34,16:37,16:44,16:38,16:49,16:52,16:59,16:53,17:04,17:07,17:14,17:08,17:19,17:22,17:29,17:23,17:34
発,,15:45,15:39,15:50,15:55,16:00,15:54,16:05,16:10,16:15,16:09,16:20,16:25,16:30,16:24,16:35,16:40,16:45,16:39,16:50,16:55,17:00,16:54,17:05,17:10,17:15,17:09,17:20,17:25,17:30,17:24,17:35
物流中心        発,,15:46,ﾚ,15:51,15:57,16:01,ﾚ,16:06,16:12,16:16,ﾚ,16:21,16:27,16:31,ﾚ,16:36,16:42,16:46,ﾚ,16:51,16:57,17:01,ﾚ,17:06,17:12,17:16,ﾚ,17:21,17:27,17:31,ﾚ,17:36
飛灣港           発,,15:48,ﾚ,15:53,15:59,16:03,ﾚ,16:08,16:14,16:18,ﾚ,16:23,16:29,16:33,ﾚ,16:38,16:44,16:48,ﾚ,16:53,16:59,17:03,ﾚ,17:08,17:14,17:18,ﾚ,17:23,17:29,17:33,ﾚ,17:38
飛灣車輛基地 発,,ﾚ,ﾚ,ﾚ,ﾚ,ﾚ,ﾚ,ﾚ,ﾚ,ﾚ,ﾚ,ﾚ,ﾚ,ﾚ,ﾚ,ﾚ,ﾚ,ﾚ,ﾚ,ﾚ,ﾚ,ﾚ,ﾚ,ﾚ,ﾚ,ﾚ,ﾚ,ﾚ,ﾚ,ﾚ,ﾚ,ﾚ
飛灣工業區    着,,15:54,15:46,15:59,16:04,16:09,16:01,16:14,16:19,16:24,16:16,16:29,16:34,16:39,16:31,16:44,16:49,16:54,16:46,16:59,17:04,17:09,17:01,17:14,17:19,17:24,17:16,17:29,17:34,17:39,17:31,17:44
"備
考",,,,,,,,,,,,,,,,,,,,,,,,,,,,,,,,
列車番号,,2086,7018,3088,194,1096,2088,7020,3090,196,1098,2090,7022,3092,198,1100,2092,7024,3094,200,1102,2094,7026,3096,202,1104,2096,7028,3098,204,1106,2098
運用番号,,12/C51,C22,C54,E03,C21,C10,C04,C15,E01,C02,C18,C05,C03,E02,C56,C55,C23,C11,E04,C07,C13,C20,51/C12,E05,C8,C53,C14,C22,E07,C01,C21
列車種別,,普通,通勤,普通,快速,普通,普通,通勤,普通,快速,普通,普通,通勤,普通,快速,普通,普通,通勤,普通,快速,普通,普通,通勤,普通,快速,普通,普通,通勤,普通,快速,普通,普通
列車名,,,,,,,,,,,,,,,,,,,,,,,,,,,,,,,,
全京車輛基地 発,,・・,・・,・・,・・,・・,・・,・・,・・,・・,・・,・・,・・,・・,・・,・・,・・,・・,・・,・・,・・,・・,・・,・・,・・,・・,・・,・・,・・,・・,・・,・・
"全京大道        着
発",,"・・
・・","・・
16:55","・・
・・","・・
・・","・・
16:50","・・
・・","・・
17:10","・・
・・","・・
・・","・・
17:05","・・
・・","・・
17:25","・・
・・","・・
・・","・・
17:20","・・
・・","・・
17:40","・・
・・","・・
・・","・・
17:35","・・
・・","・・
17:55","・・
・・","・・
・・","・・
17:50","・・
・・","・・
18:10","・・
・・","・・
・・","・・
18:05","・・
・・"
綾路北站        発,,----,16:57,----,17:03,16:53,----,17:12,----,17:18,17:08,----,17:27,----,17:33,17:23,----,17:42,----,17:48,17:38,----,17:57,----,18:03,17:53,----,18:12,----,18:18,18:08,----
自然保育中心 発,,・・,ﾚ,・・,ﾚ,16:55,・・,ﾚ,・・,ﾚ,17:10,・・,ﾚ,・・,ﾚ,17:25,・・,ﾚ,・・,ﾚ,17:40,・・,ﾚ,・・,ﾚ,17:55,・・,ﾚ,・・,ﾚ,18:10,・・
御景新村        発,,・・,ﾚ,・・,ﾚ,16:57,・・,ﾚ,・・,ﾚ,17:12,・・,ﾚ,・・,ﾚ,17:27,・・,ﾚ,・・,ﾚ,17:42,・・,ﾚ,・・,ﾚ,17:57,・・,ﾚ,・・,ﾚ,18:12,・・
紫荊苑           発,,・・,ﾚ,・・,ﾚ,17:04,・・,ﾚ,・・,ﾚ,17:19,・・,ﾚ,・・,ﾚ,17:34,・・,ﾚ,・・,ﾚ,17:49,・・,ﾚ,・・,ﾚ,18:04,・・,ﾚ,・・,ﾚ,18:19,・・
翡翠花園        発,,・・,ﾚ,・・,ﾚ,17:07,・・,ﾚ,・・,ﾚ,17:22,・・,ﾚ,・・,ﾚ,17:37,・・,ﾚ,・・,ﾚ,17:52,・・,ﾚ,・・,ﾚ,18:07,・・,ﾚ,・・,ﾚ,18:22,・・
飛灣機場        着,,・・,17:08,・・,17:13,17:13,・・,17:23,・・,17:28,17:28,・・,17:38,・・,17:43,17:43,・・,17:53,・・,17:58,17:58,・・,18:08,・・,18:13,18:13,・・,18:23,・・,18:28,18:28,・・
,発,・・,17:10,・・,17:15,17:16,・・,17:25,・・,17:30,17:31,・・,17:40,・・,17:45,17:46,・・,17:55,・・,18:00,18:01,・・,18:10,・・,18:15,18:16,・・,18:25,・・,18:30,18:31,・・
空港新城,発,・・,ﾚ,・・,ﾚ,17:20,・・,ﾚ,・・,ﾚ,17:35,・・,ﾚ,・・,ﾚ,17:50,・・,ﾚ,・・,ﾚ,18:05,・・,ﾚ,・・,ﾚ,18:20,・・,ﾚ,・・,ﾚ,18:35,・・
鷺島,発,・・,ﾚ,・・,ﾚ,17:23,・・,ﾚ,・・,ﾚ,17:38,・・,ﾚ,・・,ﾚ,17:53,・・,ﾚ,・・,ﾚ,18:08,・・,ﾚ,・・,ﾚ,18:23,・・,ﾚ,・・,ﾚ,18:38,・・
錦湖,発,・・,ﾚ,・・,ﾚ,17:24,・・,ﾚ,・・,ﾚ,17:39,・・,ﾚ,・・,ﾚ,17:54,・・,ﾚ,・・,ﾚ,18:09,・・,ﾚ,・・,ﾚ,18:24,・・,ﾚ,・・,ﾚ,18:39,・・
飛灣公園,着,・・,17:17,・・,17:23,17:26,・・,17:32,・・,17:38,17:41,・・,17:47,・・,17:53,17:56,・・,18:02,・・,18:08,18:11,・・,18:17,・・,18:23,18:26,・・,18:32,・・,18:38,18:41,・・
,発,17:15,17:18,17:20,17:24,17:27,17:30,17:33,17:35,17:39,17:42,17:45,17:48,17:50,17:54,17:57,18:00,18:03,18:05,18:09,18:12,18:15,18:18,18:20,18:24,18:27,18:30,18:33,18:35,18:39,18:42,18:45
飛灣大道,発,17:19,17:22,17:24,ﾚ,17:31,17:34,17:37,17:39,ﾚ,17:46,17:49,17:52,17:54,ﾚ,18:01,18:04,18:07,18:09,ﾚ,18:16,18:19,18:22,18:24,ﾚ,18:31,18:34,18:37,18:39,ﾚ,18:46,18:49
飛灣學區,発,17:21,17:24,17:26,ﾚ,17:33,17:36,17:39,17:41,ﾚ,17:48,17:51,17:54,17:56,ﾚ,18:03,18:06,18:09,18:11,ﾚ,18:18,18:21,18:24,18:26,ﾚ,18:33,18:36,18:39,18:41,ﾚ,18:48,18:51
科創園,発,17:23,17:26,17:32,ﾚ,17:35,17:38,17:41,17:47,ﾚ,17:50,17:53,17:56,18:02,ﾚ,18:05,18:08,18:11,18:17,ﾚ,18:20,18:23,18:26,18:32,ﾚ,18:35,18:38,18:41,18:47,ﾚ,18:50,18:53
飛灣新站,着,17:25,17:28,17:34,17:29,17:37,17:40,17:43,17:49,17:44,17:52,17:55,17:58,18:04,17:59,18:07,18:10,18:13,18:19,18:14,18:22,18:25,18:28,18:34,18:29,18:37,18:40,18:43,18:49,18:44,18:52,18:55
,発,17:26,17:31,17:35,17:30,17:38,17:41,17:46,17:50,17:45,17:53,17:56,18:01,18:05,18:00,18:08,18:11,18:16,18:20,18:15,18:23,18:26,18:31,18:35,18:30,18:38,18:41,18:46,18:50,18:45,18:53,18:56
文化中心,発,17:29,17:33,17:37,ﾚ,17:40,17:44,17:48,17:52,ﾚ,17:55,17:59,18:03,18:07,ﾚ,18:10,18:14,18:18,18:22,ﾚ,18:25,18:29,18:33,18:37,ﾚ,18:40,18:44,18:48,18:52,ﾚ,18:55,18:59
市民廣場,発,17:31,17:35,17:39,ﾚ,17:42,17:46,17:50,17:54,ﾚ,17:57,18:01,18:05,18:09,ﾚ,18:12,18:16,18:20,18:24,ﾚ,18:27,18:31,18:35,18:39,ﾚ,18:42,18:46,18:50,18:54,ﾚ,18:57,19:01
濱江商務區,発,17:33,17:37,17:41,ﾚ,17:44,17:48,17:52,17:56,ﾚ,17:59,18:03,18:07,18:11,ﾚ,18:14,18:18,18:22,18:26,ﾚ,18:29,18:33,18:37,18:41,ﾚ,18:44,18:48,18:52,18:56,ﾚ,18:59,19:03
飛灣郵輪港,着,17:37,17:42,17:46,17:38,17:49,17:52,17:57,18:01,17:53,18:04,18:07,18:12,18:16,18:08,18:19,18:22,18:27,18:31,18:23,18:34,18:37,18:42,18:46,18:38,18:49,18:52,18:57,19:01,18:53,19:04,19:07
発,,17:40,17:43,17:47,17:39,17:50,17:55,17:58,18:02,17:54,18:05,18:10,18:13,18:17,18:09,18:20,18:25,18:28,18:32,18:24,18:35,18:40,18:43,18:47,18:39,18:50,18:55,18:58,19:02,18:54,19:05,19:10
物流中心        発,,17:42,17:45,17:48,ﾚ,17:51,17:57,18:00,18:03,ﾚ,18:06,18:12,18:15,18:18,ﾚ,18:21,18:27,18:30,18:33,ﾚ,18:36,18:42,18:45,18:48,ﾚ,18:51,18:57,19:00,19:03,ﾚ,19:06,19:12
飛灣港           発,,17:44,17:48,17:50,ﾚ,17:53,17:59,18:03,18:05,ﾚ,18:08,18:14,18:18,18:20,ﾚ,18:23,18:29,18:33,18:35,ﾚ,18:38,18:44,18:48,18:50,ﾚ,18:53,18:59,19:03,19:05,ﾚ,19:08,19:14
飛灣車輛基地 発,,ﾚ,ﾚ,ﾚ,ﾚ,ﾚ,ﾚ,ﾚ,ﾚ,ﾚ,ﾚ,ﾚ,ﾚ,ﾚ,ﾚ,ﾚ,ﾚ,ﾚ,ﾚ,ﾚ,ﾚ,ﾚ,ﾚ,ﾚ,ﾚ,ﾚ,ﾚ,ﾚ,ﾚ,ﾚ,ﾚ,ﾚ
飛灣工業區    着,,17:49,17:53,17:56,17:46,17:59,18:04,18:08,18:11,18:01,18:14,18:19,18:23,18:26,18:16,18:29,18:34,18:38,18:41,18:31,18:44,18:49,18:53,18:56,18:46,18:59,19:04,19:08,19:11,19:01,19:14,19:19
"備
考",,,,,,,,,,,,,,,,,,,,,,,,,,,,,,,,
列車番号,,7030,3100,206,1108,2100,7032,3102,208,1110,2102,3104,210,1112,2104,3106,212,1114,2106,3108,214,1116,2108,3110,216,1118,2110,3112,218,1120,2112,3114
運用番号,,C16,C04,E06,C17,C15,C52,C05,E03,C19,C03,C23,E01,C20,C11,C20,E02,C09,51/C12,C14,E04,C10,C22,C16,E05,C02,C04,C52,E07,C18,C05,C03
列車種別,,通勤,普通,快速,普通,普通,通勤,普通,快速,普通,普通,普通,快速,普通,普通,普通,快速,普通,普通,普通,快速,普通,普通,普通,快速,普通,普通,普通,快速,普通,普通,普通
列車名,,,,,,,,,,,,,,,,,,,,,,,,,,,,,,,,
全京車輛基地 発,,・・,・・,・・,・・,・・,・・,・・,・・,・・,・・,・・,・・,・・,・・,・・,・・,・・,・・,・・,・・,・・,・・,・・,・・,・・,・・,・・,・・,・・,・・,・・
"全京大道        着
発",,"・・
18:25","・・
・・","・・
・・","・・
18:20","・・
・・","・・
18:40","・・
・・","・・
・・","・・
18:35","・・
・・","・・
・・","・・
・・","・・
18:51","・・
・・","・・
・・","・・
・・","・・
19:06","・・
・・","・・
・・","・・
・・","・・
19:21","・・
・・","・・
・・","・・
・・","・・
19:36","・・
・・","・・
・・","・・
・・","・・
19:51","・・
・・","・・
・・"
綾路北站        発,,18:27,----,18:33,18:23,----,18:42,----,18:48,18:38,----,----,19:03,18:54,----,----,19:18,19:09,----,----,19:33,19:24,----,----,19:48,19:39,----,----,20:03,19:54,----,----
自然保育中心 発,,ﾚ,・・,ﾚ,18:25,・・,ﾚ,・・,ﾚ,18:40,・・,・・,ﾚ,18:56,・・,・・,ﾚ,19:11,・・,・・,ﾚ,19:26,・・,・・,ﾚ,19:41,・・,・・,ﾚ,19:56,・・,・・
御景新村        発,,ﾚ,・・,ﾚ,18:27,・・,ﾚ,・・,ﾚ,18:42,・・,・・,ﾚ,18:58,・・,・・,ﾚ,19:13,・・,・・,ﾚ,19:28,・・,・・,ﾚ,19:43,・・,・・,ﾚ,19:58,・・,・・
紫荊苑           発,,ﾚ,・・,ﾚ,18:34,・・,ﾚ,・・,ﾚ,18:49,・・,・・,ﾚ,19:04,・・,・・,ﾚ,19:19,・・,・・,ﾚ,19:34,・・,・・,ﾚ,19:49,・・,・・,ﾚ,20:04,・・,・・
翡翠花園        発,,ﾚ,・・,ﾚ,18:37,・・,ﾚ,・・,ﾚ,18:52,・・,・・,ﾚ,19:07,・・,・・,ﾚ,19:22,・・,・・,ﾚ,19:37,・・,・・,ﾚ,19:52,・・,・・,ﾚ,20:07,・・,・・
飛灣機場        着,,18:38,・・,18:43,18:43,・・,18:53,・・,18:58,18:58,・・,・・,19:13,19:13,・・,・・,19:28,19:28,・・,・・,19:43,19:43,・・,・・,19:58,19:58,・・,・・,20:13,20:13,・・,・・
,発,18:40,・・,18:45,18:46,・・,18:55,・・,19:00,19:01,・・,・・,19:15,19:16,・・,・・,19:30,19:31,・・,・・,19:45,19:46,・・,・・,20:00,20:01,・・,・・,20:15,20:16,・・,・・
空港新城,発,ﾚ,・・,ﾚ,18:50,・・,ﾚ,・・,ﾚ,19:05,・・,・・,ﾚ,19:20,・・,・・,ﾚ,19:35,・・,・・,ﾚ,19:50,・・,・・,ﾚ,20:05,・・,・・,ﾚ,20:20,・・,・・
鷺島,発,ﾚ,・・,ﾚ,18:53,・・,ﾚ,・・,ﾚ,19:08,・・,・・,ﾚ,19:23,・・,・・,ﾚ,19:38,・・,・・,ﾚ,19:53,・・,・・,ﾚ,20:08,・・,・・,ﾚ,20:23,・・,・・
錦湖,発,ﾚ,・・,ﾚ,18:54,・・,ﾚ,・・,ﾚ,19:09,・・,・・,ﾚ,19:24,・・,・・,ﾚ,19:39,・・,・・,ﾚ,19:54,・・,・・,ﾚ,20:09,・・,・・,ﾚ,20:24,・・,・・
飛灣公園,着,18:47,・・,18:53,18:56,・・,19:02,・・,19:08,19:11,・・,・・,19:23,19:26,・・,・・,19:38,19:41,・・,・・,19:53,19:56,・・,・・,20:08,20:11,・・,・・,20:23,20:26,・・,・・
,発,18:48,18:50,18:54,18:57,19:00,19:03,19:05,19:09,19:12,19:15,19:20,19:24,19:27,19:30,19:35,19:39,19:42,19:45,19:50,19:54,19:57,20:00,20:05,20:09,20:12,20:15,20:20,20:24,20:27,20:30,20:35
飛灣大道,発,18:52,18:54,ﾚ,19:01,19:04,19:07,19:09,ﾚ,19:16,19:19,19:24,ﾚ,19:31,19:34,19:39,ﾚ,19:46,19:49,19:54,ﾚ,20:01,20:04,20:09,ﾚ,20:16,20:19,20:24,ﾚ,20:31,20:34,20:39
飛灣學區,発,18:54,18:56,ﾚ,19:03,19:06,19:09,19:11,ﾚ,19:18,19:21,19:26,ﾚ,19:33,19:36,19:41,ﾚ,19:48,19:51,19:56,ﾚ,20:03,20:06,20:11,ﾚ,20:18,20:21,20:26,ﾚ,20:33,20:36,20:41
科創園,発,18:56,19:02,ﾚ,19:05,19:08,19:11,19:17,ﾚ,19:20,19:23,19:30,ﾚ,19:35,19:38,19:45,ﾚ,19:50,19:53,20:00,ﾚ,20:05,20:08,20:15,ﾚ,20:20,20:23,20:30,ﾚ,20:35,20:38,20:45
飛灣新站,着,18:58,19:04,18:59,19:07,19:10,19:13,19:19,19:14,19:22,19:25,19:32,19:29,19:37,19:40,19:47,19:44,19:52,19:55,20:02,19:59,20:07,20:10,20:17,20:14,20:22,20:25,20:32,20:29,20:37,20:40,20:47
,発,19:01,19:05,19:00,19:08,19:11,19:16,19:20,19:15,19:23,19:26,19:33,19:30,19:38,19:41,19:48,19:45,19:53,19:56,20:03,20:00,20:08,20:11,20:18,20:15,20:23,20:26,20:33,20:30,20:38,20:41,20:48
文化中心,発,19:03,19:07,ﾚ,19:10,19:14,19:18,19:22,ﾚ,19:25,19:29,19:35,ﾚ,19:40,19:44,19:50,ﾚ,19:55,19:59,20:05,ﾚ,20:10,20:14,20:20,ﾚ,20:25,20:29,20:35,ﾚ,20:40,20:44,20:50
市民廣場,発,19:05,19:09,ﾚ,19:12,19:16,19:20,19:24,ﾚ,19:27,19:31,19:37,ﾚ,19:42,19:46,19:52,ﾚ,19:57,20:01,20:07,ﾚ,20:12,20:16,20:22,ﾚ,20:27,20:31,20:37,ﾚ,20:42,20:46,20:52
濱江商務區,発,19:07,19:11,ﾚ,19:14,19:18,19:22,19:26,ﾚ,19:29,19:33,19:39,ﾚ,19:44,19:48,19:54,ﾚ,19:59,20:03,20:09,ﾚ,20:14,20:18,20:24,ﾚ,20:29,20:33,20:39,ﾚ,20:44,20:48,20:54
飛灣郵輪港,着,19:12,19:16,19:08,19:19,19:22,19:27,19:31,19:23,19:34,19:37,19:44,19:38,19:49,19:52,19:59,19:53,20:04,20:07,20:14,20:08,20:19,20:22,20:29,20:23,20:34,20:37,20:44,20:38,20:49,20:52,20:59
発,,19:13,19:17,19:09,19:20,19:25,19:28,19:32,19:24,19:35,19:40,19:45,19:39,19:50,19:55,20:00,19:54,20:05,20:10,20:15,20:09,20:20,20:25,20:30,20:24,20:35,20:40,20:45,20:39,20:50,20:55,21:00
物流中心        発,,19:15,19:18,ﾚ,19:21,19:27,19:30,19:33,ﾚ,19:36,19:42,19:46,ﾚ,19:51,19:57,20:01,ﾚ,20:06,20:12,20:16,ﾚ,20:21,20:27,20:31,ﾚ,20:36,20:42,20:46,ﾚ,20:51,20:57,21:01
飛灣港           発,,19:18,19:20,ﾚ,19:23,19:29,19:33,19:35,ﾚ,19:38,19:44,19:48,ﾚ,19:53,19:59,20:03,ﾚ,20:08,20:14,20:18,ﾚ,20:23,20:29,20:33,ﾚ,20:38,20:44,20:48,ﾚ,20:53,20:59,21:03
飛灣車輛基地 発,,ﾚ,ﾚ,ﾚ,ﾚ,ﾚ,ﾚ,ﾚ,ﾚ,ﾚ,ﾚ,ﾚ,ﾚ,ﾚ,ﾚ,ﾚ,ﾚ,ﾚ,ﾚ,ﾚ,ﾚ,ﾚ,ﾚ,ﾚ,ﾚ,ﾚ,ﾚ,ﾚ,ﾚ,ﾚ,ﾚ,ﾚ
飛灣工業區    着,,19:23,19:26,19:16,19:29,19:34,19:38,19:41,19:31,19:44,19:49,19:54,19:46,19:59,20:04,20:09,20:01,20:14,20:19,20:24,20:16,20:29,20:34,20:39,20:31,20:44,20:49,20:54,20:46,20:59,21:04,21:09
"備
考",,,,,,,,,,,,,,,,,,,,,,,,,,,,,,,,
列車番号,,220,1122,2114,3116,222,1124,2116,3118,224,1126,2118,3120,226,1128,2120,3122,228,1130,2122,3124,230,1132,232,1134,234,1136,236,1138,238,1140,240
運用番号,,E06,C07,C23,C11,E03,C13,C20,51/C12,E01,C53,C14,C22,E02,C01,C16,C04,E04,C15,C52,C05,E05,C19,E07,C20,E06,C09,E03,C10,E01,C02,E02
列車種別,,快速,普通,普通,普通,快速,普通,普通,普通,快速,普通,普通,普通,快速,普通,普通,普通,快速,普通,普通,普通,快速,普通,快速,普通,快速,普通,快速,普通,快速,普通,快速
列車名,,,,,,,,,,,,,,,,,,,,,,,,,,,,,,,,
全京車輛基地 発,,・・,・・,・・,・・,・・,・・,・・,・・,・・,・・,・・,・・,・・,・・,・・,・・,・・,・・,・・,・・,・・,・・,・・,・・,・・,・・,・・,・・,・・,・・,・・
"全京大道        着
発",,"・・
・・","・・
20:06","・・
・・","・・
・・","・・
・・","・・
20:21","・・
・・","・・
・・","・・
・・","・・
20:36","・・
・・","・・
・・","・・
・・","・・
20:51","・・
・・","・・
・・","・・
・・","・・
21:06","・・
・・","・・
・・","・・
・・","・・
21:21","・・
・・","・・
21:36","・・
・・","・・
21:51","・・
・・","・・
22:06","・・
・・","・・
22:21","・・
・・"
綾路北站        発,,20:18,20:09,----,----,20:33,20:24,----,----,20:48,20:39,----,----,21:03,20:54,----,----,21:18,21:09,----,----,21:33,21:24,21:48,21:39,22:03,21:54,22:18,22:09,22:33,22:24,22:48
自然保育中心 発,,ﾚ,20:11,・・,・・,ﾚ,20:26,・・,・・,ﾚ,20:41,・・,・・,ﾚ,20:56,・・,・・,ﾚ,21:11,・・,・・,ﾚ,21:26,ﾚ,21:41,ﾚ,21:56,ﾚ,22:11,ﾚ,22:26,ﾚ
御景新村        発,,ﾚ,20:13,・・,・・,ﾚ,20:28,・・,・・,ﾚ,20:43,・・,・・,ﾚ,20:58,・・,・・,ﾚ,21:13,・・,・・,ﾚ,21:28,ﾚ,21:43,ﾚ,21:58,ﾚ,22:13,ﾚ,22:28,ﾚ
紫荊苑           発,,ﾚ,20:19,・・,・・,ﾚ,20:34,・・,・・,ﾚ,20:49,・・,・・,ﾚ,21:04,・・,・・,ﾚ,21:19,・・,・・,ﾚ,21:34,ﾚ,21:49,ﾚ,22:04,ﾚ,22:19,ﾚ,22:34,ﾚ
翡翠花園        発,,ﾚ,20:22,・・,・・,ﾚ,20:37,・・,・・,ﾚ,20:52,・・,・・,ﾚ,21:07,・・,・・,ﾚ,21:22,・・,・・,ﾚ,21:37,ﾚ,21:52,ﾚ,22:07,ﾚ,22:22,ﾚ,22:37,ﾚ
飛灣機場        着,,20:28,20:28,・・,・・,20:43,20:43,・・,・・,20:58,20:58,・・,・・,21:13,21:13,・・,・・,21:28,21:28,・・,・・,21:43,21:43,21:58,21:58,22:13,22:13,22:28,22:28,22:43,22:43,22:58
,発,20:30,20:31,・・,・・,20:45,20:46,・・,・・,21:00,21:01,・・,・・,21:15,21:16,・・,・・,21:30,21:31,・・,・・,21:45,21:46,22:00,22:01,22:15,22:16,22:30,22:31,22:45,22:46,23:00
空港新城,発,ﾚ,20:35,・・,・・,ﾚ,20:50,・・,・・,ﾚ,21:05,・・,・・,ﾚ,21:20,・・,・・,ﾚ,21:35,・・,・・,ﾚ,21:50,ﾚ,22:05,ﾚ,22:20,ﾚ,22:35,ﾚ,22:50,ﾚ
鷺島,発,ﾚ,20:38,・・,・・,ﾚ,20:53,・・,・・,ﾚ,21:08,・・,・・,ﾚ,21:23,・・,・・,ﾚ,21:38,・・,・・,ﾚ,21:53,ﾚ,22:08,ﾚ,22:23,ﾚ,22:38,ﾚ,22:53,ﾚ
錦湖,発,ﾚ,20:39,・・,・・,ﾚ,20:54,・・,・・,ﾚ,21:09,・・,・・,ﾚ,21:24,・・,・・,ﾚ,21:39,・・,・・,ﾚ,21:54,ﾚ,22:09,ﾚ,22:24,ﾚ,22:39,ﾚ,22:54,ﾚ
飛灣公園,着,20:38,20:41,・・,・・,20:53,20:56,・・,・・,21:08,21:11,・・,・・,21:23,21:26,・・,・・,21:38,21:41,・・,・・,21:53,21:56,22:08,22:11,22:23,22:26,22:38,22:41,22:53,22:56,23:08
,発,20:39,20:42,20:45,20:50,20:54,20:57,21:00,21:05,21:09,21:12,21:15,21:20,21:24,21:27,21:30,21:35,21:39,21:42,21:45,21:50,21:54,21:57,22:09,22:12,22:24,22:27,22:39,22:42,22:54,22:57,23:09
飛灣大道,発,ﾚ,20:46,20:49,20:54,ﾚ,21:01,21:04,21:09,ﾚ,21:16,21:19,21:24,ﾚ,21:31,21:34,21:39,ﾚ,21:46,21:49,21:54,ﾚ,22:01,ﾚ,22:16,ﾚ,22:31,ﾚ,22:46,ﾚ,23:01,ﾚ
飛灣學區,発,ﾚ,20:48,20:51,20:56,ﾚ,21:03,21:06,21:11,ﾚ,21:18,21:21,21:26,ﾚ,21:33,21:36,21:41,ﾚ,21:48,21:51,21:56,ﾚ,22:03,ﾚ,22:18,ﾚ,22:33,ﾚ,22:48,ﾚ,23:03,ﾚ
科創園,発,ﾚ,20:50,20:53,21:00,ﾚ,21:05,21:08,21:15,ﾚ,21:20,21:23,21:30,ﾚ,21:35,21:38,21:45,ﾚ,21:50,21:53,22:00,ﾚ,22:05,ﾚ,22:20,ﾚ,22:35,ﾚ,22:50,ﾚ,23:05,ﾚ
飛灣新站,着,20:44,20:52,20:55,21:02,20:59,21:07,21:10,21:17,21:14,21:22,21:25,21:32,21:29,21:37,21:40,21:47,21:44,21:52,21:55,22:02,21:59,22:07,22:14,22:22,22:29,22:37,22:44,22:52,22:59,23:07,23:14
,発,20:45,20:53,20:56,21:03,21:00,21:08,21:11,21:18,21:15,21:23,21:26,21:33,21:30,21:38,21:41,21:48,21:45,21:53,21:56,22:03,22:00,22:08,22:15,22:23,22:30,22:38,22:45,22:53,23:00,23:08,23:15
文化中心,発,ﾚ,20:55,20:59,21:05,ﾚ,21:10,21:14,21:20,ﾚ,21:25,21:29,21:35,ﾚ,21:40,21:44,21:50,ﾚ,21:55,21:59,22:05,ﾚ,22:10,ﾚ,22:25,ﾚ,22:40,ﾚ,22:55,ﾚ,23:10,ﾚ
市民廣場,発,ﾚ,20:57,21:01,21:07,ﾚ,21:12,21:16,21:22,ﾚ,21:27,21:31,21:37,ﾚ,21:42,21:46,21:52,ﾚ,21:57,22:01,22:07,ﾚ,22:12,ﾚ,22:27,ﾚ,22:42,ﾚ,22:57,ﾚ,23:12,ﾚ
濱江商務區,発,ﾚ,20:59,21:03,21:09,ﾚ,21:14,21:18,21:24,ﾚ,21:29,21:33,21:39,ﾚ,21:44,21:48,21:54,ﾚ,21:59,22:03,22:09,ﾚ,22:14,ﾚ,22:29,ﾚ,22:44,ﾚ,22:59,ﾚ,23:14,ﾚ
飛灣郵輪港,着,20:53,21:04,21:07,21:14,21:08,21:19,21:22,21:29,21:23,21:34,21:37,21:44,21:38,21:49,21:52,21:59,21:53,22:04,22:07,22:14,22:08,22:19,22:23,22:34,22:38,22:49,22:53,23:04,23:08,23:19,23:23
発,,20:54,21:05,21:10,21:15,21:09,21:20,21:25,21:30,21:24,21:35,21:40,21:45,21:39,21:50,21:55,22:00,21:54,22:05,22:10,22:15,22:09,22:20,22:24,22:35,22:39,22:50,22:54,23:05,23:09,23:20,23:24
物流中心        発,,ﾚ,21:06,21:12,21:16,ﾚ,21:21,21:27,21:31,ﾚ,21:36,21:42,21:46,ﾚ,21:51,21:57,22:01,ﾚ,22:06,22:12,22:16,ﾚ,22:21,ﾚ,22:36,ﾚ,22:51,ﾚ,23:06,ﾚ,23:21,ﾚ
飛灣港           発,,ﾚ,21:08,21:14,21:18,ﾚ,21:23,21:29,21:33,ﾚ,21:38,21:44,21:48,ﾚ,21:53,21:59,22:03,ﾚ,22:08,22:14,22:18,ﾚ,22:23,ﾚ,22:38,ﾚ,22:53,ﾚ,23:08,ﾚ,23:23,ﾚ
飛灣車輛基地 発,,ﾚ,ﾚ,ﾚ,ﾚ,ﾚ,ﾚ,ﾚ,ﾚ,ﾚ,ﾚ,ﾚ,ﾚ,ﾚ,ﾚ,ﾚ,ﾚ,ﾚ,ﾚ,ﾚ,ﾚ,ﾚ,ﾚ,ﾚ,ﾚ,ﾚ,ﾚ,ﾚ,ﾚ,ﾚ,ﾚ,ﾚ
飛灣工業區    着,,21:01,21:14,21:19,21:24,21:16,21:29,21:34,21:39,21:31,21:44,21:49,21:54,21:46,21:59,22:04,22:09,22:01,22:14,22:19,22:24,22:16,22:29,22:31,22:44,22:46,22:59,23:01,23:14,23:16,23:29,23:31
"備
考",,,,,,,,,,,,,,,,,,,,,,,,,,,,,,,,
列車番号,,1142,242,1144,244,1146,246,1148,1150,248,1152,,,,,,,,,,,,,,,,,,,,,
運用番号,,C18,E04,C07,E05,C13,E07,C16,C15,E06,C05,,,,,,,,,,,,,,,,,,,,,
列車種別,,普通,快速,普通,快速,普通,快速,普通,普通,快速,普通,,,,,,,,,,,,,,,,,,,,,
列車名,,,,,,,,,,,,,,,,,,,,,,,,,,,,,,,,
全京車輛基地 発,,・・,・・,・・,・・,・・,・・,・・,・・,・・,・・,・・,,,,,,,,,,,,,,,,,,,,
"全京大道        着
発",,"・・
22:36","・・
・・","・・
22:51","・・
・・","・・
23:06","・・
・・","・・
23:21","・・
23:36","・・
・・","・・
23:51","・・
・・",,,,,,,,,,,,,,,,,,,,
綾路北站        発,,22:39,23:03,22:54,23:18,23:09,23:33,23:24,23:39,23:48,23:54,----,,,,,,,,,,,,,,,,,,,,
自然保育中心 発,,22:41,ﾚ,22:56,ﾚ,23:11,ﾚ,23:26,23:41,ﾚ,23:56,・・,,,,,,,,,,,,,,,,,,,,
御景新村        発,,22:43,ﾚ,22:58,ﾚ,23:13,ﾚ,23:28,23:43,ﾚ,23:58,・・,,,,,,,,,,,,,,,,,,,,
紫荊苑           発,,22:49,ﾚ,23:04,ﾚ,23:19,ﾚ,23:34,23:49,ﾚ,0:03,・・,,,,,,,,,,,,,,,,,,,,
翡翠花園        発,,22:52,ﾚ,23:07,ﾚ,23:22,ﾚ,23:37,23:52,ﾚ,====,・・,,,,,,,,,,,,,,,,,,,,
飛灣機場        着,,22:58,23:13,23:13,23:28,23:28,23:43,23:43,23:58,23:58,・・,・・,,,,,,,,,,,,,,,,,,,,
,発,23:01,23:15,23:16,23:30,23:31,23:45,23:46,・・,・・,・・,・・,,,,,,,,,,,,,,,,,,,,
空港新城,発,23:05,ﾚ,23:20,ﾚ,23:35,ﾚ,23:50,・・,・・,・・,・・,,,,,,,,,,,,,,,,,,,,
鷺島,発,23:08,ﾚ,23:23,ﾚ,23:38,ﾚ,23:53,・・,・・,・・,・・,,,,,,,,,,,,,,,,,,,,
錦湖,発,23:09,ﾚ,23:24,ﾚ,23:39,ﾚ,23:54,・・,・・,・・,・・,,,,,,,,,,,,,,,,,,,,
飛灣公園,着,23:11,23:23,23:26,23:38,23:41,23:53,23:56,・・,・・,・・,・・,,,,,,,,,,,,,,,,,,,,
,発,23:12,23:24,23:27,23:39,23:42,23:54,23:57,・・,・・,・・,・・,,,,,,,,,,,,,,,,,,,,
飛灣大道,発,23:16,ﾚ,23:31,ﾚ,23:46,ﾚ,0:01,・・,・・,・・,・・,,,,,,,,,,,,,,,,,,,,
飛灣學區,発,23:18,ﾚ,23:33,ﾚ,23:48,ﾚ,0:03,・・,・・,・・,・・,,,,,,,,,,,,,,,,,,,,
科創園,発,23:20,ﾚ,23:35,ﾚ,23:50,ﾚ,0:05,・・,・・,・・,・・,,,,,,,,,,,,,,,,,,,,
飛灣新站,着,23:22,23:29,23:37,23:44,23:52,23:59,0:07,・・,・・,・・,・・,,,,,,,,,,,,,,,,,,,,
,発,23:23,23:30,23:38,23:45,23:53,・・,・・,・・,・・,・・,・・,,,,,,,,,,,,,,,,,,,,
文化中心,発,23:25,ﾚ,23:40,ﾚ,23:55,・・,・・,・・,・・,・・,・・,,,,,,,,,,,,,,,,,,,,
市民廣場,発,23:27,ﾚ,23:42,ﾚ,23:57,・・,・・,・・,・・,・・,・・,,,,,,,,,,,,,,,,,,,,
濱江商務區,発,23:29,ﾚ,23:44,ﾚ,23:59,・・,・・,・・,・・,・・,・・,,,,,,,,,,,,,,,,,,,,
飛灣郵輪港,着,23:34,23:38,23:49,23:53,0:04,・・,・・,・・,・・,・・,・・,,,,,,,,,,,,,,,,,,,,
発,,23:35,23:39,23:50,23:54,・・,・・,・・,・・,・・,・・,・・,,,,,,,,,,,,,,,,,,,,
物流中心        発,,23:36,ﾚ,23:51,ﾚ,・・,・・,・・,・・,・・,・・,・・,,,,,,,,,,,,,,,,,,,,
飛灣港           発,,23:38,ﾚ,23:53,ﾚ,・・,・・,・・,・・,・・,・・,・・,,,,,,,,,,,,,,,,,,,,
飛灣車輛基地 発,,ﾚ,ﾚ,ﾚ,ﾚ,・・,・・,・・,・・,・・,・・,・・,,,,,,,,,,,,,,,,,,,,
飛灣工業區    着,,23:44,23:46,23:59,0:01,・・,・・,・・,・・,・・,・・,・・,,,,,,,,,,,,,,,,,,,,
"備
考",,,,,,,,,,,,,,,,,,,,,,,,,,,,,,,,
